Date,Total Fossil Fuels Production,Nuclear Electric Power Production,Total Renewable Energy Production,Primary Energy Imports,Total Primary Energy Production
31-01-1973,4.932632,0.068103,0.403981,1.17308,5.404715
28-02-1973,4.729582,0.064634,0.3609,1.168005,5.155115
31-03-1973,4.946902,0.072494,0.400161,1.309473,5.419556
30-04-1973,4.716271,0.06407,0.38047,1.085169,5.160812
31-05-1973,4.956995,0.062111,0.392141,1.162804,5.411246
30-06-1973,4.716096,0.073968,0.377232,1.129614,5.167296
31-07-1973,4.748276,0.07589,0.367325,1.216246,5.191492
31-08-1973,5.041997,0.084883,0.353757,1.297848,5.480638
30-09-1973,4.731504,0.085724,0.307006,1.226145,5.124234
31-10-1973,4.998321,0.081971,0.323453,1.315774,5.403745
30-11-1973,4.810504,0.088773,0.337817,1.321809,5.237093
31-12-1973,4.880197,0.087557,0.406694,1.207179,5.374447
31-01-1974,4.961042,0.084855,0.437467,1.083235,5.483364
28-02-1974,4.569843,0.090577,0.399942,0.955624,5.060362
31-03-1974,4.881263,0.097966,0.423474,1.064548,5.402702
30-04-1974,4.775157,0.079566,0.422323,1.156477,5.277046
31-05-1974,4.966595,0.073242,0.427657,1.280713,5.467495
30-06-1974,4.557055,0.079015,0.409281,1.211565,5.045352
31-07-1974,4.716243,0.113953,0.409719,1.28033,5.239915
31-08-1974,4.736135,0.137654,0.386101,1.260397,5.259889
30-09-1974,4.614156,0.12288,0.35391,1.154422,5.090946
31-10-1974,4.900053,0.121248,0.343703,1.232624,5.365003
30-11-1974,4.181238,0.122819,0.351633,1.305091,4.65569
31-12-1974,4.435595,0.148309,0.376642,1.31925,4.960546
31-01-1975,4.731639,0.153503,0.392756,1.347568,5.277898
28-02-1975,4.381549,0.140232,0.368278,1.108542,4.890059
31-03-1975,4.643579,0.163893,0.42349,1.140333,5.230962
30-04-1975,4.533965,0.146773,0.405368,0.97805,5.086106
31-05-1975,4.644549,0.15158,0.421283,1.040395,5.217412
30-06-1975,4.553746,0.140348,0.411622,1.033375,5.105715
31-07-1975,4.396385,0.169294,0.398459,1.168491,4.964138
31-08-1975,4.518846,0.174883,0.36823,1.226702,5.061959
30-09-1975,4.486607,0.158543,0.341957,1.275391,4.987107
31-10-1975,4.700282,0.161078,0.368786,1.235454,5.230146
30-11-1975,4.461868,0.155988,0.383196,1.215872,5.001053
31-12-1975,4.643518,0.183682,0.403696,1.262216,5.230896
31-01-1976,4.59452,0.177844,0.421775,1.3127,5.19414
29-02-1976,4.416439,0.158824,0.396173,1.229336,4.971436
31-03-1976,4.753379,0.15458,0.427044,1.305794,5.335003
30-04-1976,4.543052,0.121316,0.396931,1.253496,5.061299
31-05-1976,4.622377,0.131784,0.415728,1.236985,5.169888
30-06-1976,4.575462,0.174072,0.411555,1.399163,5.16109
31-07-1976,4.313708,0.195628,0.421425,1.511982,4.930762
31-08-1976,4.487455,0.202851,0.398129,1.429463,5.088436
30-09-1976,4.530889,0.191006,0.356984,1.476783,5.07888
31-10-1976,4.600868,0.191723,0.369186,1.467472,5.161777
30-11-1976,4.547319,0.178235,0.351386,1.508602,5.07694
31-12-1976,4.698756,0.233256,0.360834,1.628283,5.292846
31-01-1977,4.316486,0.238556,0.378521,1.710226,4.933563
28-02-1977,4.252271,0.211078,0.304328,1.738127,4.767677
31-03-1977,4.888075,0.222619,0.368966,1.809005,5.479659
30-04-1977,4.597192,0.213943,0.351301,1.623215,5.162437
31-05-1977,4.72232,0.221834,0.356923,1.647862,5.301077
30-06-1977,4.645165,0.23172,0.336485,1.653446,5.213369
31-07-1977,4.417123,0.235032,0.336903,1.732038,4.989057
31-08-1977,4.607554,0.244991,0.335881,1.642039,5.188426
30-09-1977,4.803085,0.211395,0.328075,1.593901,5.342555
31-10-1977,4.8703,0.205053,0.341368,1.619758,5.416721
30-11-1977,4.821366,0.209548,0.370168,1.525978,5.401081
31-12-1977,4.12168,0.255994,0.400048,1.652535,4.777722
31-01-1978,3.91598,0.282638,0.438983,1.609273,4.637601
28-02-1978,3.676065,0.238869,0.391866,1.42092,4.3068
31-03-1978,4.352372,0.245611,0.433459,1.646151,5.031442
30-04-1978,4.705855,0.192342,0.434379,1.466543,5.332575
31-05-1978,4.959267,0.223373,0.475883,1.479371,5.658523
30-06-1978,4.7963,0.242728,0.432628,1.512571,5.471656
31-07-1978,4.632517,0.273603,0.431461,1.600652,5.337581
31-08-1978,4.841779,0.280082,0.408417,1.601528,5.530277
30-09-1978,4.564316,0.242769,0.392287,1.682186,5.199372
31-10-1978,4.959112,0.251605,0.379436,1.616595,5.590153
30-11-1978,4.85622,0.272438,0.379078,1.666014,5.507736
31-12-1978,4.770957,0.278067,0.407564,1.804366,5.456588
31-01-1979,4.742426,0.302351,0.447796,1.769279,5.492573
28-02-1979,4.408445,0.281883,0.390487,1.515101,5.080815
31-03-1979,4.952546,0.264739,0.457799,1.708567,5.675084
30-04-1979,4.770662,0.200369,0.445932,1.50324,5.416962
31-05-1979,4.977269,0.163455,0.48908,1.587866,5.629804
30-06-1979,4.847761,0.174776,0.441683,1.581381,5.464221
31-07-1979,4.524046,0.226552,0.424513,1.669406,5.175111
31-08-1979,4.98963,0.263316,0.40921,1.674783,5.662156
30-09-1979,4.717572,0.237204,0.378903,1.52275,5.333679
31-10-1979,5.178934,0.227745,0.397602,1.694041,5.804281
30-11-1979,4.94752,0.209477,0.41474,1.551628,5.571737
31-12-1979,4.89564,0.223959,0.425109,1.681775,5.544708
31-01-1980,5.11377,0.215389,0.478943,1.679961,5.808102
29-02-1980,4.804588,0.210277,0.424298,1.458972,5.439163
31-03-1980,5.14794,0.218584,0.469134,1.461064,5.835658
30-04-1980,4.909243,0.205,0.477356,1.32502,5.591598
31-05-1980,5.010862,0.200541,0.517456,1.266758,5.728859
30-06-1980,4.833075,0.199859,0.497768,1.27309,5.530702
31-07-1980,4.687391,0.229329,0.471331,1.195105,5.388052
31-08-1980,4.782434,0.265424,0.429358,1.18835,5.477215
30-09-1980,4.775533,0.257127,0.401712,1.154368,5.434372
31-10-1980,4.962184,0.267351,0.402564,1.233094,5.632099
30-11-1980,4.828384,0.228892,0.409876,1.212647,5.467152
31-12-1980,5.124584,0.241396,0.448546,1.3478,5.814526
31-01-1981,4.933286,0.26228,0.462381,1.327837,5.657948
28-02-1981,4.710872,0.238196,0.427043,1.193052,5.37611
31-03-1981,5.201903,0.242709,0.443808,1.173761,5.88842
30-04-1981,4.135199,0.227726,0.43802,1.066492,4.800945
31-05-1981,4.245212,0.217546,0.480423,1.112558,4.943181
30-06-1981,4.672515,0.233457,0.496995,1.022351,5.402967
31-07-1981,5.007101,0.254569,0.491304,1.121443,5.752973
31-08-1981,5.177108,0.297219,0.454028,1.113573,5.928355
30-09-1981,5.06372,0.269115,0.40722,1.183724,5.740055
31-10-1981,5.254067,0.226731,0.416966,1.160414,5.897764
30-11-1981,4.954065,0.251301,0.418476,1.090669,5.623842
31-12-1981,5.132915,0.286743,0.477024,1.153155,5.896682
31-01-1982,4.918393,0.284331,0.51444,1.06643,5.717164
28-02-1982,4.728817,0.223538,0.489624,0.872937,5.441978
31-03-1982,5.267363,0.251971,0.544724,0.892758,6.064058
30-04-1982,4.87061,0.241222,0.517128,0.83866,5.62896
31-05-1982,4.856617,0.239606,0.525795,0.940268,5.622018
30-06-1982,4.760056,0.26604,0.518974,0.992314,5.54507
31-07-1982,4.590146,0.281997,0.519267,1.133264,5.39141
31-08-1982,4.8292,0.276671,0.483203,1.01679,5.589074
30-09-1982,4.613666,0.281149,0.433748,1.017597,5.328563
31-10-1982,4.764703,0.257422,0.439874,1.041527,5.461999
30-11-1982,4.580885,0.257281,0.46993,1.100767,5.308096
31-12-1982,4.635404,0.269921,0.52293,0.947767,5.428255
31-01-1983,4.702314,0.273422,0.562279,0.921274,5.538015
28-02-1983,4.289048,0.242067,0.523276,0.710558,5.05439
31-03-1983,4.665589,0.260523,0.572853,0.76137,5.498964
30-04-1983,4.434922,0.243561,0.561458,0.908755,5.23994
31-05-1983,4.490949,0.240465,0.581741,0.98575,5.313155
30-06-1983,4.370639,0.263376,0.569493,0.996939,5.203508
31-07-1983,4.325726,0.279191,0.550993,1.101022,5.155909
31-08-1983,4.710642,0.285725,0.528288,1.174792,5.524655
30-09-1983,4.546845,0.272705,0.476173,1.146221,5.295724
31-10-1983,4.699021,0.281314,0.474251,1.024738,5.454585
30-11-1983,4.57485,0.272735,0.507035,0.996576,5.354621
31-12-1983,4.557628,0.287465,0.587773,1.023809,5.432865
31-01-1984,4.974302,0.317844,0.570081,1.078119,5.862227
29-02-1984,4.770232,0.308326,0.535239,1.030642,5.613797
31-03-1984,5.060365,0.296499,0.57904,1.026372,5.935904
30-04-1984,4.813677,0.262738,0.566019,1.013233,5.642434
31-05-1984,5.066725,0.280471,0.593504,1.146603,5.940699
30-06-1984,4.841043,0.274321,0.553321,1.017653,5.668685
31-07-1984,4.924416,0.306687,0.547618,1.039496,5.778721
31-08-1984,5.242373,0.319793,0.524053,0.973125,6.086219
30-09-1984,4.889833,0.316027,0.47091,0.979169,5.67677
31-10-1984,4.800286,0.268621,0.47962,1.113921,5.548527
30-11-1984,4.636625,0.266462,0.48611,1.062052,5.389197
31-12-1984,4.789315,0.334742,0.532347,0.990343,5.656405
31-01-1985,4.868823,0.384371,0.555205,0.90482,5.808399
28-02-1985,4.573561,0.32729,0.511838,0.73896,5.412689
31-03-1985,4.985737,0.32972,0.525002,0.938271,5.840459
30-04-1985,4.80526,0.28104,0.512937,1.009283,5.599237
31-05-1985,4.906735,0.304823,0.542968,1.120084,5.754526
30-06-1985,4.670048,0.32755,0.50733,0.932317,5.504928
31-07-1985,4.656111,0.373727,0.489577,0.962098,5.519414
31-08-1985,4.85715,0.369775,0.475912,0.924128,5.702836
30-09-1985,4.673938,0.366541,0.454274,0.937626,5.494752
31-10-1985,4.929382,0.331461,0.475406,1.003525,5.736249
30-11-1985,4.63135,0.320428,0.499606,1.145918,5.451384
31-12-1985,4.943628,0.358837,0.53396,1.163543,5.836425
31-01-1986,5.143178,0.383159,0.486064,1.118689,6.012402
28-02-1986,4.634737,0.346156,0.479122,0.850971,5.460015
31-03-1986,4.965916,0.325549,0.558538,0.918255,5.850002
30-04-1986,4.664471,0.322413,0.539897,1.007339,5.526781
31-05-1986,4.70561,0.337725,0.545072,1.219801,5.588407
30-06-1986,4.537852,0.331481,0.527412,1.255401,5.396746
31-07-1986,4.536041,0.379718,0.513292,1.314651,5.429051
31-08-1986,4.667907,0.396534,0.482847,1.360371,5.547289
30-09-1986,4.511383,0.387113,0.472114,1.309332,5.37061
31-10-1986,4.768518,0.383103,0.482113,1.243122,5.633734
30-11-1986,4.591745,0.369674,0.492321,1.239755,5.45374
31-12-1986,4.811648,0.417484,0.532346,1.313714,5.761479
31-01-1987,4.931783,0.417417,0.521265,1.262434,5.870465
28-02-1987,4.528326,0.382159,0.452878,1.07584,5.363363
31-03-1987,4.875851,0.389382,0.498782,1.147062,5.764016
30-04-1987,4.617703,0.349992,0.477656,1.12268,5.445351
31-05-1987,4.619925,0.358374,0.509032,1.173728,5.487331
30-06-1987,4.635733,0.38176,0.466873,1.259103,5.484367
31-07-1987,4.543756,0.41826,0.467691,1.455012,5.429708
31-08-1987,4.798734,0.431801,0.448986,1.44313,5.679521
30-09-1987,4.721206,0.414191,0.437201,1.345792,5.572598
31-10-1987,4.997007,0.381045,0.442655,1.386298,5.820707
30-11-1987,4.846465,0.390924,0.423208,1.360877,5.660598
31-12-1987,5.014152,0.438627,0.47558,1.366267,5.92836
31-01-1988,4.950223,0.473469,0.495132,1.451051,5.918824
29-02-1988,4.752379,0.447892,0.446663,1.357434,5.646934
31-03-1988,5.086477,0.465555,0.469098,1.387994,6.021131
30-04-1988,4.695146,0.424786,0.455993,1.381018,5.575924
31-05-1988,4.744347,0.430975,0.486212,1.461137,5.661535
30-06-1988,4.660775,0.467326,0.453891,1.382768,5.581993
31-07-1988,4.550257,0.528281,0.442602,1.442954,5.52114
31-08-1988,4.994209,0.519872,0.437214,1.451522,5.951295
30-09-1988,4.720908,0.49056,0.426312,1.42076,5.63778
31-10-1988,4.865084,0.451551,0.422602,1.540071,5.739237
30-11-1988,4.884987,0.419662,0.448903,1.481504,5.753552
31-12-1988,4.941064,0.467038,0.472132,1.537717,5.880234
31-01-1989,4.999261,0.490288,0.509148,1.627406,5.998696
28-02-1989,4.541252,0.409824,0.461436,1.434034,5.412511
31-03-1989,5.054078,0.419471,0.532717,1.47982,6.006266
30-04-1989,4.706294,0.354476,0.530099,1.543229,5.590869
31-05-1989,4.894828,0.405739,0.562702,1.539957,5.863269
30-06-1989,4.649672,0.454815,0.546138,1.520105,5.650625
31-07-1989,4.433687,0.553819,0.525099,1.643288,5.512605
31-08-1989,4.975478,0.581511,0.513156,1.678367,6.070146
30-09-1989,4.718105,0.474507,0.487951,1.536456,5.680563
31-10-1989,4.921508,0.460972,0.511061,1.637013,5.89354
30-11-1989,4.890853,0.459296,0.521326,1.595702,5.871475
31-12-1989,4.662688,0.537442,0.533842,1.53092,5.733972
31-01-1990,5.179279,0.583273,0.511273,1.814349,6.273824
28-02-1990,4.657415,0.528705,0.508362,1.502284,5.694481
31-03-1990,5.088291,0.487694,0.567936,1.575624,6.143921
30-04-1990,4.765123,0.407576,0.530432,1.51224,5.703131
31-05-1990,4.890589,0.454445,0.525675,1.735659,5.87071
30-06-1990,4.715347,0.490288,0.503364,1.669248,5.709
31-07-1990,4.697539,0.567668,0.499497,1.780529,5.764705
31-08-1990,4.997071,0.590033,0.497457,1.698821,6.084561
30-09-1990,4.686923,0.513067,0.447351,1.429787,5.647341
31-10-1990,5.150339,0.459207,0.460201,1.380127,6.069747
30-11-1990,4.927586,0.476554,0.459567,1.382103,5.863706
31-12-1990,4.767685,0.545839,0.528928,1.336487,5.842452
31-01-1991,5.071747,0.570005,0.569478,1.471087,6.21123
28-02-1991,4.680405,0.501792,0.465118,1.286755,5.647315
31-03-1991,4.988368,0.514987,0.51911,1.37714,6.022465
30-04-1991,4.729014,0.43646,0.492914,1.464692,5.658388
31-05-1991,4.763018,0.490175,0.540591,1.7076,5.793784
30-06-1991,4.560109,0.568322,0.51364,1.600869,5.642071
31-07-1991,4.691643,0.636742,0.499537,1.570141,5.827921
31-08-1991,4.89135,0.613027,0.512231,1.725884,6.016608
30-09-1991,4.684678,0.543843,0.491724,1.5365,5.720245
31-10-1991,5.059727,0.49959,0.467137,1.533753,6.026454
30-11-1991,4.824607,0.485359,0.467744,1.527844,5.777709
31-12-1991,4.886484,0.561832,0.528582,1.532556,5.976898
31-01-1992,5.064879,0.605734,0.535607,1.590406,6.206219
29-02-1992,4.652962,0.552907,0.449195,1.356391,5.655065
31-03-1992,4.904112,0.479942,0.482785,1.483558,5.866839
30-04-1992,4.74219,0.442584,0.445956,1.621017,5.63073
31-05-1992,4.759585,0.477764,0.45524,1.620481,5.692589
30-06-1992,4.666411,0.535959,0.497883,1.588682,5.700253
31-07-1992,4.772195,0.586886,0.486979,1.740163,5.84606
31-08-1992,4.768049,0.614183,0.491443,1.700604,5.873675
30-09-1992,4.709341,0.533178,0.458264,1.631103,5.700783
31-10-1992,4.937301,0.510817,0.472681,1.755176,5.920799
30-11-1992,4.724958,0.531147,0.498632,1.622571,5.754737
31-12-1992,4.912697,0.608106,0.545914,1.662053,6.066717
31-01-1993,4.807679,0.620536,0.564645,1.680292,5.99286
28-02-1993,4.417378,0.539056,0.477338,1.522006,5.433772
31-03-1993,4.892433,0.489546,0.543315,1.739272,5.925294
30-04-1993,4.609189,0.453758,0.527479,1.757399,5.590426
31-05-1993,4.552242,0.529053,0.537105,1.769177,5.6184
30-06-1993,4.60316,0.552722,0.50669,1.764122,5.662572
31-07-1993,4.444029,0.593499,0.491687,1.904233,5.529215
31-08-1993,4.592797,0.590418,0.502293,1.775181,5.685507
30-09-1993,4.587056,0.525081,0.461702,1.73156,5.573839
31-10-1993,4.767653,0.466738,0.468762,1.913722,5.703153
30-11-1993,4.69533,0.492243,0.482151,1.819945,5.669725
31-12-1993,4.811324,0.557848,0.518768,1.841424,5.88794
31-01-1994,4.725538,0.594162,0.546056,1.721799,5.865757
28-02-1994,4.516633,0.520733,0.474599,1.629586,5.511965
31-03-1994,5.139909,0.511829,0.530494,1.813833,6.182232
30-04-1994,4.807947,0.451444,0.515827,1.818279,5.775217
31-05-1994,4.809569,0.507184,0.49455,1.911308,5.811302
30-06-1994,4.767774,0.540902,0.497434,1.869233,5.80611
31-07-1994,4.662735,0.61795,0.5383,2.041825,5.818984
31-08-1994,5.033069,0.628207,0.484336,1.987285,6.145612
30-09-1994,4.800529,0.581426,0.433627,1.957682,5.815582
31-10-1994,4.840115,0.529943,0.476303,1.862735,5.846362
30-11-1994,4.868054,0.577783,0.482932,1.794387,5.92877
31-12-1994,5.030171,0.632314,0.512713,1.898721,6.175198
31-01-1995,4.95383,0.665531,0.516507,1.73749,6.135868
28-02-1995,4.561374,0.544873,0.478624,1.633285,5.584872
31-03-1995,5.021481,0.545102,0.55041,1.931916,6.116993
30-04-1995,4.646312,0.518215,0.536529,1.760335,5.701056
31-05-1995,4.808047,0.571444,0.533624,1.847711,5.913115
30-06-1995,4.708923,0.592394,0.560149,1.931513,5.861466
31-07-1995,4.68337,0.651824,0.60128,1.868917,5.936475
31-08-1995,4.853799,0.64787,0.582286,1.917884,6.083955
30-09-1995,4.766712,0.585133,0.499496,1.987278,5.851342
31-10-1995,4.872342,0.570461,0.558499,1.838622,6.001303
30-11-1995,4.826497,0.553807,0.55429,1.862515,5.934594
31-12-1995,4.79371,0.628781,0.585646,1.862149,6.008138
31-01-1996,4.791416,0.661075,0.606654,1.988266,6.059145
29-02-1996,4.63798,0.587409,0.571306,1.691399,5.796695
31-03-1996,4.978767,0.582642,0.627928,1.925054,6.189337
30-04-1996,4.842086,0.528566,0.556072,1.915001,5.926724
31-05-1996,4.911048,0.584355,0.594909,2.104389,6.090312
30-06-1996,4.736299,0.603899,0.607621,2.003971,5.947819
31-07-1996,4.893643,0.640194,0.6101,2.059825,6.143936
31-08-1996,5.030173,0.645688,0.594881,2.087835,6.270742
30-09-1996,4.795487,0.573389,0.513262,1.880212,5.882138
31-10-1996,5.03176,0.531582,0.568747,2.063822,6.132089
30-11-1996,4.802522,0.54754,0.56131,1.909379,5.911372
31-12-1996,4.886476,0.600336,0.598136,2.004101,6.084948
31-01-1997,5.006932,0.618248,0.6298,2.069048,6.25498
28-02-1997,4.651357,0.531601,0.563287,1.825327,5.746246
31-03-1997,5.034904,0.529045,0.628991,2.067558,6.19294
30-04-1997,4.810734,0.471001,0.60378,2.043597,5.885515
31-05-1997,5.057055,0.493552,0.642251,2.231243,6.192857
30-06-1997,4.753058,0.546683,0.607807,2.152504,5.907547
31-07-1997,4.901194,0.601853,0.611218,2.096201,6.114265
31-08-1997,4.899501,0.641012,0.566988,2.187522,6.107502
30-09-1997,4.906809,0.551839,0.513216,2.133596,5.971863
31-10-1997,5.046643,0.493021,0.581276,2.248317,6.12094
30-11-1997,4.699572,0.537176,0.526469,2.058563,5.763217
31-12-1997,5.038524,0.581961,0.54177,2.005764,6.162255
31-01-1998,5.202669,0.607312,0.591527,2.162736,6.401509
28-02-1998,4.64164,0.535028,0.534596,1.911604,5.711263
31-03-1998,5.132935,0.563483,0.585349,2.114947,6.281766
30-04-1998,4.956706,0.498354,0.550089,2.239636,6.005149
31-05-1998,5.005234,0.540248,0.606598,2.294969,6.15208
30-06-1998,4.904914,0.584683,0.538497,2.206581,6.028093
31-07-1998,4.915663,0.645187,0.566004,2.425219,6.126854
31-08-1998,4.958031,0.633331,0.537293,2.329718,6.128655
30-09-1998,4.778397,0.600147,0.487115,2.139946,5.865659
31-10-1998,5.033568,0.602492,0.485982,2.273754,6.122041
30-11-1998,4.797821,0.601894,0.45609,2.198832,5.855805
31-12-1998,4.938343,0.655652,0.553643,2.174578,6.147638
31-01-1999,4.867341,0.686455,0.596141,2.230368,6.149937
28-02-1999,4.609765,0.600763,0.533209,2.053818,5.743737
31-03-1999,5.018707,0.614858,0.564568,2.269658,6.198134
30-04-1999,4.714329,0.507129,0.55166,2.344189,5.773119
31-05-1999,4.694461,0.585793,0.610259,2.397598,5.890513
30-06-1999,4.716691,0.651038,0.571957,2.270249,5.939685
31-07-1999,4.763469,0.698212,0.593688,2.444238,6.055369
31-08-1999,4.856081,0.712091,0.547081,2.36884,6.115254
30-09-1999,4.764465,0.636771,0.482169,2.207964,5.883405
31-10-1999,4.839475,0.578335,0.456721,2.261398,5.874531
30-11-1999,4.808766,0.632772,0.492909,2.117997,5.934447
31-12-1999,4.906244,0.706037,0.515281,2.185265,6.127562
31-01-2000,4.780147,0.737981,0.505154,2.202712,6.023281
29-02-2000,4.573548,0.669318,0.499963,2.197317,5.742828
31-03-2000,5.071853,0.654279,0.55801,2.358662,6.284142
30-04-2000,4.55188,0.607585,0.56853,2.364967,5.727994
31-05-2000,4.797348,0.667205,0.55873,2.401082,6.023283
30-06-2000,4.750776,0.701857,0.50912,2.455863,5.961753
31-07-2000,4.705909,0.719306,0.526269,2.48172,5.951483
31-08-2000,4.980585,0.701102,0.503692,2.592801,6.185379
30-09-2000,4.720733,0.607662,0.443382,2.44013,5.771777
31-10-2000,4.932901,0.547207,0.46822,2.425012,5.948329
30-11-2000,4.757145,0.58894,0.482871,2.352358,5.828956
31-12-2000,4.683747,0.65991,0.477789,2.592629,5.821446
31-01-2001,4.947112,0.717508,0.444974,2.684007,6.109594
28-02-2001,4.486667,0.639868,0.404073,2.275473,5.530608
31-03-2001,5.075413,0.648935,0.455786,2.614857,6.180135
30-04-2001,4.780893,0.58484,0.425372,2.59639,5.791105
31-05-2001,4.985702,0.642374,0.435524,2.653393,6.0636
30-06-2001,4.812772,0.710365,0.454623,2.431719,5.977761
31-07-2001,4.829644,0.722301,0.436074,2.580344,5.988019
31-08-2001,5.041467,0.714192,0.44791,2.533412,6.203569
30-09-2001,4.74847,0.661861,0.396476,2.45207,5.806808
31-10-2001,5.096975,0.631394,0.409925,2.453097,6.138293
30-11-2001,4.870084,0.651034,0.401777,2.400776,5.922895
31-12-2001,4.809547,0.704181,0.449333,2.376635,5.963061
31-01-2002,5.040505,0.740608,0.476548,2.407273,6.257661
28-02-2002,4.508688,0.643836,0.428362,2.143063,5.580886
31-03-2002,4.80549,0.65827,0.459471,2.421077,5.923232
30-04-2002,4.696089,0.6102,0.488519,2.427617,5.794808
31-05-2002,4.847341,0.658182,0.527657,2.503646,6.03318
30-06-2002,4.607591,0.693055,0.53358,2.435687,5.834227
31-07-2002,4.713075,0.735334,0.525255,2.521561,5.973665
31-08-2002,4.818161,0.739061,0.46967,2.581758,6.026891
30-09-2002,4.620841,0.673308,0.431903,2.343444,5.726052
31-10-2002,4.729941,0.631668,0.44546,2.559275,5.80707
30-11-2002,4.614375,0.642395,0.45586,2.542731,5.71263
31-12-2002,4.774614,0.719511,0.488703,2.443411,5.982828
31-01-2003,4.809844,0.721318,0.470095,2.419513,6.001257
28-02-2003,4.331875,0.635136,0.437341,2.170238,5.404352
31-03-2003,4.786667,0.624624,0.508215,2.575172,5.919507
30-04-2003,4.661307,0.591715,0.509649,2.605578,5.762671
31-05-2003,4.732374,0.648269,0.557622,2.739834,5.938265
30-06-2003,4.602254,0.668892,0.549092,2.65311,5.820237
31-07-2003,4.640939,0.725921,0.524624,2.741513,5.891484
31-08-2003,4.714532,0.719367,0.50153,2.721133,5.935429
30-09-2003,4.644104,0.662669,0.447121,2.656169,5.753894
31-10-2003,4.819384,0.625489,0.451931,2.659108,5.896804
30-11-2003,4.497115,0.621151,0.460818,2.448815,5.579084
31-12-2003,4.742188,0.715071,0.524532,2.616765,5.981791
31-01-2004,4.768187,0.738367,0.514261,2.620406,6.020815
29-02-2004,4.425521,0.668455,0.474103,2.557755,5.568078
31-03-2004,4.814606,0.659937,0.510702,2.838301,5.985245
30-04-2004,4.641249,0.611292,0.488758,2.685335,5.741299
31-05-2004,4.61008,0.676959,0.522609,2.871301,5.809649
30-06-2004,4.663308,0.706331,0.531796,2.82737,5.901435
31-07-2004,4.7192,0.750556,0.523871,2.935243,5.993627
31-08-2004,4.741681,0.741102,0.502493,2.939559,5.985276
30-09-2004,4.518315,0.687539,0.479402,2.661257,5.685257
31-10-2004,4.622894,0.652067,0.472897,2.868717,5.747858
30-11-2004,4.599739,0.614635,0.484754,2.807686,5.699128
31-12-2004,4.759239,0.715534,0.557149,2.879319,6.031922
31-01-2005,4.703669,0.728728,0.537045,2.844689,5.969442
28-02-2005,4.395181,0.636042,0.489404,2.696854,5.520627
31-03-2005,4.964711,0.642216,0.524509,2.896878,6.131436
30-04-2005,4.661086,0.579031,0.514356,2.777684,5.754473
31-05-2005,4.681531,0.65716,0.567482,2.957281,5.906173
30-06-2005,4.675718,0.690282,0.559572,2.911081,5.925572
31-07-2005,4.622076,0.741687,0.561855,3.008039,5.925617
31-08-2005,4.723162,0.744938,0.514673,2.945546,5.982773
30-09-2005,4.229679,0.696488,0.464185,2.74365,5.390352
31-10-2005,4.359133,0.639055,0.47583,3.0058,5.474018
30-11-2005,4.451119,0.656557,0.484914,2.905754,5.59259
31-12-2005,4.528238,0.748627,0.527174,2.966014,5.804039
31-01-2006,4.693698,0.750397,0.590899,2.950482,6.034994
28-02-2006,4.2315,0.653394,0.529246,2.630297,5.414141
31-03-2006,4.769844,0.664927,0.55318,2.796824,5.98795
30-04-2006,4.563702,0.600714,0.577843,2.784947,5.742258
31-05-2006,4.762797,0.655064,0.611368,3.034537,6.029229
30-06-2006,4.658733,0.713665,0.598607,2.933685,5.971006
31-07-2006,4.675808,0.753266,0.568581,3.015386,5.997655
31-08-2006,4.784173,0.751488,0.531475,3.14964,6.067137
30-09-2006,4.579345,0.695413,0.478101,2.986634,5.752859
31-10-2006,4.780906,0.60011,0.489377,2.861076,5.870392
30-11-2006,4.631319,0.640629,0.515816,2.711032,5.787764
31-12-2006,4.744882,0.73556,0.542022,2.794248,6.022463
31-01-2007,4.766295,0.776251,0.592181,2.981632,6.134727
28-02-2007,4.300942,0.684143,0.488023,2.461838,5.473109
31-03-2007,4.78946,0.674497,0.574791,3.044348,6.038748
30-04-2007,4.591832,0.601035,0.566548,2.912455,5.759415
31-05-2007,4.811407,0.682043,0.594245,3.054552,6.087695
30-06-2007,4.66717,0.722934,0.555788,2.870868,5.945893
31-07-2007,4.680978,0.762954,0.562071,3.029216,6.006003
31-08-2007,4.831601,0.763084,0.542083,3.033339,6.136768
30-09-2007,4.581483,0.708832,0.483353,2.877046,5.773668
31-10-2007,4.831938,0.647062,0.500628,2.806804,5.979628
30-11-2007,4.743522,0.680729,0.503204,2.763991,5.927455
31-12-2007,4.772485,0.755027,0.547833,2.842446,6.075344
31-01-2008,4.859584,0.739318,0.597581,2.948052,6.196483
29-02-2008,4.596865,0.680743,0.54223,2.602595,5.819837
31-03-2008,4.88269,0.676417,0.604443,2.759004,6.16355
30-04-2008,4.79135,0.599242,0.607253,2.775943,5.997844
31-05-2008,4.867863,0.67756,0.668828,2.742533,6.21425
30-06-2008,4.659152,0.734978,0.67552,2.766681,6.06965
31-07-2008,4.975041,0.776775,0.646308,2.81667,6.398124
31-08-2008,4.937988,0.758994,0.599263,2.838863,6.296245
30-09-2008,4.40615,0.700847,0.531982,2.446439,5.638979
31-10-2008,4.891401,0.656598,0.55218,2.826743,6.10018
30-11-2008,4.738032,0.662742,0.551779,2.690385,5.952553
31-12-2008,4.920737,0.762278,0.614791,2.756459,6.297806
31-01-2009,4.894487,0.775038,0.626716,2.827832,6.296241
28-02-2009,4.501076,0.671752,0.54527,2.377441,5.718099
31-03-2009,4.911425,0.703269,0.625349,2.664286,6.240043
30-04-2009,4.654185,0.621353,0.651335,2.485878,5.926872
31-05-2009,4.699176,0.683971,0.693227,2.43555,6.076374
30-06-2009,4.659088,0.729356,0.685872,2.456688,6.074316
31-07-2009,4.796858,0.762973,0.645722,2.550358,6.205553
31-08-2009,4.804587,0.755606,0.61811,2.445573,6.178304
30-09-2009,4.646178,0.687698,0.570982,2.453528,5.904858
31-10-2009,4.756574,0.606841,0.628298,2.325738,5.991712
30-11-2009,4.592522,0.617805,0.642624,2.315794,5.85295
31-12-2009,4.695395,0.739558,0.692242,2.351669,6.127195
31-01-2010,4.715521,0.758495,0.684631,2.514866,6.158647
28-02-2010,4.432809,0.681945,0.622725,2.236021,5.737478
31-03-2010,5.007242,0.675562,0.696685,2.518272,6.37949
30-04-2010,4.77354,0.602151,0.675733,2.578934,6.051424
31-05-2010,4.776965,0.696713,0.732772,2.577522,6.206451
30-06-2010,4.713787,0.713885,0.769017,2.555147,6.196689
31-07-2010,4.867467,0.75164,0.717649,2.704398,6.336755
31-08-2010,4.975638,0.748093,0.678088,2.626105,6.401818
30-09-2010,4.912295,0.725068,0.641121,2.430501,6.278484
31-10-2010,5.017727,0.655872,0.661381,2.389302,6.33498
30-11-2010,4.903486,0.654872,0.696046,2.288173,6.254404
31-12-2010,5.062813,0.770138,0.739158,2.446525,6.572109
31-01-2011,4.977779,0.761181,0.755956,2.645132,6.494916
28-02-2011,4.498148,0.677953,0.718491,2.117784,5.894592
31-03-2011,5.160762,0.687083,0.827278,2.530831,6.675123
30-04-2011,4.906942,0.570783,0.824689,2.403862,6.302414
31-05-2011,4.996022,0.596583,0.845788,2.490008,6.438393
30-06-2011,4.913867,0.682987,0.837531,2.408985,6.434384
31-07-2011,4.937955,0.757017,0.805792,2.495438,6.500764
31-08-2011,5.205101,0.746487,0.7558,2.39665,6.707388
30-09-2011,5.051033,0.699506,0.689653,2.286937,6.440192
31-10-2011,5.299419,0.662758,0.720149,2.345885,6.682326
30-11-2011,5.235448,0.674655,0.748063,2.266041,6.658166
31-12-2011,5.347022,0.751706,0.780498,2.360429,6.879226
31-01-2012,5.406309,0.758482,0.773864,2.359728,6.938655
29-02-2012,4.97344,0.669053,0.695961,2.141501,6.338454
31-03-2012,5.210542,0.646854,0.797646,2.295457,6.655042
30-04-2012,4.920631,0.585471,0.77099,2.210592,6.277093
31-05-2012,5.138538,0.650551,0.813258,2.391594,6.602347
30-06-2012,4.993785,0.682603,0.779742,2.370455,6.456131
31-07-2012,5.277106,0.724406,0.751249,2.352838,6.752761
31-08-2012,5.347837,0.729361,0.720652,2.359815,6.797849
30-09-2012,5.115761,0.67601,0.651381,2.198315,6.443151
31-10-2012,5.375267,0.626049,0.683696,2.175903,6.685012
30-11-2012,5.264784,0.594293,0.687807,2.118819,6.546884
31-12-2012,5.273745,0.718688,0.769914,2.093128,6.762347
31-01-2013,5.299858,0.746119,0.798274,2.163805,6.844252
28-02-2013,4.873636,0.64244,0.712257,1.8042,6.228333
31-03-2013,5.374701,0.657737,0.779697,2.026198,6.812136
30-04-2013,5.194314,0.593157,0.828707,2.05532,6.616178
31-05-2013,5.39429,0.6567,0.869796,2.137389,6.920786
30-06-2013,5.216461,0.694124,0.833767,2.040001,6.744352
31-07-2013,5.501214,0.737064,0.82578,2.168373,7.064058
31-08-2013,5.622376,0.745477,0.753265,2.157734,7.121119
30-09-2013,5.406128,0.687533,0.70818,2.06474,6.801841
31-10-2013,5.4739,0.660205,0.75134,2.016373,6.885445
30-11-2013,5.396623,0.678929,0.769765,1.923917,6.845317
31-12-2013,5.430086,0.744947,0.80671,2.064516,6.981743
31-01-2014,5.578825,0.765208,0.832071,2.058377,7.176104
28-02-2014,5.1054,0.655141,0.715293,1.798325,6.475834
31-03-2014,5.778049,0.652611,0.86744,1.976814,7.2981
30-04-2014,5.672104,0.589726,0.874973,1.949044,7.136803
31-05-2014,5.831354,0.658367,0.872186,1.979257,7.361906
30-06-2014,5.647544,0.712658,0.870396,1.829108,7.230598
31-07-2014,5.960544,0.752422,0.837457,1.995006,7.550423
31-08-2014,6.049628,0.743936,0.769384,1.972179,7.562948
30-09-2014,5.866873,0.706343,0.724546,1.888962,7.297762
31-10-2014,6.095492,0.652547,0.775083,1.899391,7.523122
30-11-2014,5.870241,0.681301,0.819811,1.878978,7.371353
31-12-2014,6.168426,0.767299,0.839005,2.015545,7.77473
31-01-2015,6.105328,0.776715,0.832216,2.075296,7.714259
28-02-2015,5.437442,0.66368,0.774095,1.839729,6.875217
31-03-2015,6.078305,0.67503,0.840618,2.078916,7.593954
30-04-2015,5.86954,0.625226,0.836982,1.921578,7.331749
31-05-2015,5.850065,0.688414,0.830355,2.000193,7.368834
30-06-2015,5.61156,0.716542,0.795456,1.962594,7.123558
31-07-2015,5.970943,0.746829,0.821508,2.031954,7.539279
31-08-2015,6.097609,0.75732,0.795294,2.081931,7.650223
30-09-2015,5.88472,0.69521,0.745604,1.925426,7.325534
31-10-2015,5.958372,0.633451,0.778142,1.901351,7.369965
30-11-2015,5.657116,0.63024,0.829956,1.898708,7.117313
31-12-2015,5.669807,0.728229,0.885702,2.075998,7.283738
31-01-2016,5.595942,0.758537,0.878466,2.103195,7.232945
29-02-2016,5.258684,0.686509,0.866911,2.026808,6.812104
31-03-2016,5.500513,0.691851,0.945574,2.135119,7.137938
30-04-2016,5.175966,0.656112,0.895645,2.026277,6.727724
31-05-2016,5.392351,0.696324,0.906373,2.165413,6.995048
30-06-2016,5.331994,0.702587,0.863121,2.070735,6.897702
31-07-2016,5.527616,0.735784,0.874581,2.25379,7.137981
31-08-2016,5.621476,0.748095,0.827092,2.211385,7.196662
30-09-2016,5.379531,0.684522,0.792546,2.097864,6.8566
31-10-2016,5.635909,0.63521,0.839768,2.058266,7.110887
30-11-2016,5.510229,0.681705,0.840573,2.105279,7.032507
31-12-2016,5.506708,0.749517,0.946715,2.123956,7.20294
31-01-2017,5.602581,0.764768,0.931662,2.314684,7.299011
28-02-2017,5.202621,0.664778,0.878646,1.959252,6.746044
31-03-2017,5.68814,0.68081,1.031122,2.194988,7.400072
30-04-2017,5.422465,0.593479,1.002382,2.111712,7.018326
31-05-2017,5.656278,0.64127,1.039891,2.263762,7.337439
30-06-2017,5.610774,0.700866,0.994362,2.117259,7.306003
31-07-2017,5.739792,0.745875,0.928982,2.129007,7.414649
31-08-2017,5.884908,0.757067,0.874484,2.153423,7.516459
30-09-2017,5.668658,0.712236,0.849394,1.99326,7.230288
31-10-2017,5.985627,0.690239,0.904788,2.064724,7.580655
30-11-2017,5.951288,0.696756,0.896119,2.023431,7.544163
31-12-2017,6.039159,0.770824,0.92767,2.132348,7.737653
31-01-2018,5.988689,0.780456,0.976929,2.227522,7.746073
28-02-2018,5.608193,0.67738,0.922932,1.860679,7.208504
31-03-2018,6.262835,0.700826,1.017194,2.114327,7.980856
30-04-2018,5.960693,0.618237,1.024178,2.12512,7.603107
31-05-2018,6.208616,0.703833,1.054663,2.142157,7.967112
30-06-2018,6.104569,0.728583,1.033802,2.17634,7.866955
31-07-2018,6.406754,0.757528,0.948984,2.16145,8.113266
31-08-2018,6.693918,0.755713,0.953714,2.191516,8.403345
30-09-2018,6.439581,0.676697,0.872342,1.998803,7.98862
31-10-2018,6.734886,0.620995,0.90945,1.981975,8.265331
30-11-2018,6.599256,0.668643,0.913361,1.895825,8.18126
31-12-2018,6.776997,0.749177,0.952043,1.957559,8.478216
31-01-2019,6.809097,0.769584,0.952661,2.121899,8.531342
28-02-2019,6.12895,0.675753,0.882918,1.700241,7.687621
31-03-2019,6.663949,0.679562,0.999795,1.924651,8.343306
30-04-2019,6.65414,0.632586,1.0397,1.924807,8.326426
31-05-2019,6.877088,0.700904,1.073754,2.045868,8.651746
30-06-2019,6.606718,0.718461,1.009869,1.889378,8.335048
31-07-2019,6.785362,0.753898,0.998272,2.020569,8.537531
31-08-2019,7.06218,0.750891,0.952554,1.97528,8.765625
30-09-2019,6.822768,0.689836,0.91247,1.789243,8.425074
31-10-2019,7.062514,0.647745,0.941536,1.816105,8.651795
30-11-2019,6.886113,0.669598,0.912051,1.688425,8.467762
31-12-2019,7.048279,0.763034,0.951898,1.968761,8.763212
31-01-2020,7.023966,0.774776,0.981404,1.871493,8.780146
29-02-2020,6.457747,0.688502,0.985297,1.72719,8.131546
31-03-2020,6.830089,0.668515,0.995239,1.782154,8.493843
30-04-2020,6.242222,0.61809,0.922997,1.507487,7.783309
31-05-2020,5.794635,0.672074,1.021471,1.651252,7.488181
30-06-2020,5.889961,0.702024,1.038836,1.704521,7.630822
31-07-2020,6.302331,0.7248,0.995034,1.69169,8.022165
31-08-2020,6.301563,0.720588,0.954931,1.612727,7.977082
30-09-2020,6.138334,0.686588,0.884571,1.544957,7.709492
31-10-2020,6.2046,0.6201,0.938501,1.578486,7.763202
30-11-2020,6.234271,0.645145,0.980632,1.596209,7.860048
31-12-2020,6.393932,0.729872,0.984504,1.719896,8.108308
31-01-2021,6.50676,0.748098,0.996592,1.771525,8.25145
28-02-2021,5.330326,0.656549,0.873844,1.565742,6.860719
31-03-2021,6.605408,0.664413,1.096067,1.788106,8.365888
30-04-2021,6.368644,0.595413,1.053848,1.702768,8.017904
31-05-2021,6.627368,0.661137,1.112084,1.799127,8.400589
30-06-2021,6.441243,0.689048,1.039772,1.890417,8.170063
31-07-2021,6.638882,0.717845,1.001086,1.877723,8.357812
31-08-2021,6.681408,0.724517,1.015449,1.845777,8.421374
30-09-2021,6.42136,0.672879,0.972447,1.829001,8.066687
31-10-2021,6.770603,0.593874,1.00656,1.751844,8.371038
30-11-2021,6.653553,0.654413,1.040253,1.774257,8.348218
31-12-2021,6.816448,0.737537,1.118251,1.8591,8.672236
31-01-2022,6.666196,0.736046,1.129142,1.836209,8.531384
28-02-2022,6.049793,0.645056,1.070709,1.68466,7.765558
31-03-2022,6.812384,0.65863,1.208051,1.848642,8.679065
30-04-2022,6.5565,0.576615,1.175706,1.744661,8.30882
31-05-2022,6.845556,0.661007,1.21879,1.792369,8.725353
30-06-2022,6.698692,0.685346,1.186711,1.801766,8.570749
31-07-2022,6.921426,0.718109,1.1324,1.907862,8.771935
31-08-2022,7.047525,0.718526,1.044026,1.821828,8.810077
30-09-2022,6.915201,0.664673,0.978647,1.702048,8.558521
31-10-2022,7.126618,0.614741,1.019209,1.767733,8.760568
30-11-2022,6.875368,0.647029,1.097519,1.761697,8.619915
