Date,Total Fossil Fuels Production,Total Fossil Fuels Consumption,Nuclear Electric Power Production,Nuclear Electric Power Consumption,Total Renewable Energy Production,Total Renewable Energy Consumption,Primary Energy Imports,Primary Energy Net Imports,Primary Energy Net Exports,Total Primary Energy Production,Total Primary Energy Consumption,Primary Energy Stock Change and Other
31-01-1973,4.932632,6.747651,0.068103,0.068103,0.403981,0.403981,1.17308,1.047299,0.125781,5.404715,7.223873,0.771858
28-02-1973,4.729582,6.163095,0.064634,0.064634,0.3609,0.3609,1.168005,1.047122,0.120883,5.155115,6.592366,0.390129
31-03-1973,4.946902,6.044647,0.072494,0.072494,0.400161,0.400161,1.309473,1.169523,0.13995,5.419556,6.521439,-0.06764
30-04-1973,4.716271,5.493184,0.06407,0.06407,0.38047,0.38047,1.085169,0.890984,0.194185,5.160812,5.941729,-0.110067
31-05-1973,4.956995,5.613551,0.062111,0.062111,0.392141,0.392141,1.162804,0.966029,0.196775,5.411246,6.07194,-0.305335
30-06-1973,4.716096,5.347479,0.073968,0.073968,0.377232,0.377232,1.129614,0.950743,0.178871,5.167296,5.802683,-0.315356
31-07-1973,4.748276,5.504556,0.07589,0.07589,0.367325,0.367325,1.216246,1.052112,0.164134,5.191492,5.951909,-0.291695
31-08-1973,5.041997,5.748879,0.084883,0.084883,0.353757,0.353757,1.297848,1.106799,0.191049,5.480638,6.191657,-0.39578
30-09-1973,4.731504,5.376782,0.085724,0.085724,0.307006,0.307006,1.226145,1.079652,0.146492,5.124234,5.773515,-0.430371
31-10-1973,4.998321,5.7653,0.081971,0.081971,0.323453,0.323453,1.315774,1.108119,0.207655,5.403745,6.174862,-0.337003
30-11-1973,4.810504,6.08844,0.088773,0.088773,0.337817,0.337817,1.321809,1.138356,0.183453,5.237093,6.519033,0.143584
31-12-1973,4.880197,6.388515,0.087557,0.087557,0.406694,0.406694,1.207179,1.023319,0.183859,5.374447,6.886904,0.489137
31-01-1974,4.961042,6.378043,0.084855,0.084855,0.437467,0.437467,1.083235,0.961774,0.121461,5.483364,6.904043,0.458905
28-02-1974,4.569843,5.820458,0.090577,0.090577,0.399942,0.399942,0.955624,0.790793,0.164831,5.060362,6.3143,0.463145
31-03-1974,4.881263,5.845649,0.097966,0.097966,0.423474,0.423474,1.064548,0.932325,0.132223,5.402702,6.370767,0.035739
30-04-1974,4.775157,5.355618,0.079566,0.079566,0.422323,0.422323,1.156477,0.969831,0.186646,5.277046,5.861066,-0.38581
31-05-1974,4.966595,5.359907,0.073242,0.073242,0.427657,0.427657,1.280713,1.06302,0.217693,5.467495,5.864485,-0.66603
30-06-1974,4.557055,5.150392,0.079015,0.079015,0.409281,0.409281,1.211565,0.986139,0.225425,5.045352,5.642248,-0.389243
31-07-1974,4.716243,5.458003,0.113953,0.113953,0.409719,0.409719,1.28033,1.079698,0.200632,5.239915,5.985353,-0.334259
31-08-1974,4.736135,5.488069,0.137654,0.137654,0.386101,0.386101,1.260397,1.069817,0.19058,5.259889,6.015502,-0.314204
30-09-1974,4.614156,5.230848,0.12288,0.12288,0.35391,0.35391,1.154422,0.984844,0.169578,5.090946,5.711198,-0.364592
31-10-1974,4.900053,5.713389,0.121248,0.121248,0.343703,0.343703,1.232624,0.98632,0.246304,5.365003,6.182018,-0.169305
30-11-1974,4.181238,5.757535,0.122819,0.122819,0.351633,0.351633,1.305091,1.079786,0.225305,4.65569,6.235546,0.50007
31-12-1974,4.435595,6.314029,0.148309,0.148309,0.376642,0.376642,1.31925,1.196563,0.122687,4.960546,6.842659,0.68555
31-01-1975,4.731639,6.508066,0.153503,0.153503,0.392756,0.392756,1.347568,1.184795,0.162773,5.277898,7.056118,0.593424
28-02-1975,4.381549,5.658866,0.140232,0.140232,0.368278,0.368278,1.108542,0.937124,0.171418,4.890059,6.168996,0.341812
31-03-1975,4.643579,5.794307,0.163893,0.163893,0.42349,0.42349,1.140333,0.940816,0.199517,5.230962,6.383482,0.211704
30-04-1975,4.533965,5.244039,0.146773,0.146773,0.405368,0.405368,0.97805,0.76922,0.208831,5.086106,5.797914,-0.057411
31-05-1975,4.644549,4.917011,0.15158,0.15158,0.421283,0.421283,1.040395,0.806166,0.234229,5.217412,5.491667,-0.531911
30-06-1975,4.553746,4.881923,0.140348,0.140348,0.411622,0.411622,1.033375,0.817887,0.215488,5.105715,5.435627,-0.487975
31-07-1975,4.396385,5.099561,0.169294,0.169294,0.398459,0.398459,1.168491,0.996164,0.172327,4.964138,5.669107,-0.291195
31-08-1975,4.518846,5.199413,0.174883,0.174883,0.36823,0.36823,1.226702,1.023681,0.203021,5.061959,5.744318,-0.341322
30-09-1975,4.486607,4.996158,0.158543,0.158543,0.341957,0.341957,1.275391,1.106538,0.168853,4.987107,5.498393,-0.595252
31-10-1975,4.700282,5.377048,0.161078,0.161078,0.368786,0.368786,1.235454,1.067373,0.16808,5.230146,5.908704,-0.388816
30-11-1975,4.461868,5.309492,0.155988,0.155988,0.383196,0.383196,1.215872,0.977036,0.238836,5.001053,5.850411,-0.127678
31-12-1975,4.643518,6.337521,0.183682,0.183682,0.403696,0.403696,1.262216,1.082337,0.179878,5.230896,6.926691,0.613458
31-01-1976,4.59452,6.710216,0.177844,0.177844,0.421775,0.421775,1.3127,1.178782,0.133918,5.19414,7.312324,0.939402
29-02-1976,4.416439,5.836128,0.158824,0.158824,0.396173,0.396173,1.229336,1.09905,0.130286,4.971436,6.393452,0.322967
31-03-1976,4.753379,5.807521,0.15458,0.15458,0.427044,0.427044,1.305794,1.157579,0.148215,5.335003,6.391633,-0.100949
30-04-1976,4.543052,5.334664,0.121316,0.121316,0.396931,0.396931,1.253496,1.050483,0.203014,5.061299,5.855319,-0.256462
31-05-1976,4.622377,5.243322,0.131784,0.131784,0.415728,0.415728,1.236985,1.043456,0.193529,5.169888,5.793322,-0.420022
30-06-1976,4.575462,5.236508,0.174072,0.174072,0.411555,0.411555,1.399163,1.176889,0.222274,5.16109,5.824544,-0.513435
31-07-1976,4.313708,5.40514,0.195628,0.195628,0.421425,0.421425,1.511982,1.328482,0.1835,4.930762,6.024682,-0.234563
31-08-1976,4.487455,5.367256,0.202851,0.202851,0.398129,0.398129,1.429463,1.265142,0.164321,5.088436,5.970726,-0.382852
30-09-1976,4.530889,5.18912,0.191006,0.191006,0.356984,0.356984,1.476783,1.278995,0.197788,5.07888,5.739519,-0.618356
31-10-1976,4.600868,5.681201,0.191723,0.191723,0.369186,0.369186,1.467472,1.267061,0.200412,5.161777,6.244598,-0.18424
30-11-1976,4.547319,6.197897,0.178235,0.178235,0.351386,0.351386,1.508602,1.29401,0.214592,5.07694,6.729925,0.358976
31-12-1976,4.698756,7.0619,0.233256,0.233256,0.360834,0.360834,1.628283,1.448444,0.179839,5.292846,7.658479,0.917189
31-01-1977,4.316486,7.230327,0.238556,0.238556,0.378521,0.378521,1.710226,1.609947,0.100279,4.933563,7.852451,1.308942
28-02-1977,4.252271,6.134899,0.211078,0.211078,0.304328,0.304328,1.738127,1.610609,0.127518,4.767677,6.654863,0.276578
31-03-1977,4.888075,5.97723,0.222619,0.222619,0.368966,0.368966,1.809005,1.672461,0.136544,5.479659,6.573861,-0.578259
30-04-1977,4.597192,5.409177,0.213943,0.213943,0.351301,0.351301,1.623215,1.427568,0.195647,5.162437,5.979305,-0.6107
31-05-1977,4.72232,5.413653,0.221834,0.221834,0.356923,0.356923,1.647862,1.436871,0.210991,5.301077,5.997456,-0.740491
30-06-1977,4.645165,5.512801,0.23172,0.23172,0.336485,0.336485,1.653446,1.444448,0.208999,5.213369,6.08589,-0.571927
31-07-1977,4.417123,5.618804,0.235032,0.235032,0.336903,0.336903,1.732038,1.536797,0.195242,4.989057,6.195785,-0.330069
31-08-1977,4.607554,5.714704,0.244991,0.244991,0.335881,0.335881,1.642039,1.47632,0.165718,5.188426,6.300623,-0.364124
30-09-1977,4.803085,5.535869,0.211395,0.211395,0.328075,0.328075,1.593901,1.401096,0.192805,5.342555,6.080223,-0.663427
31-10-1977,4.8703,5.72095,0.205053,0.205053,0.341368,0.341368,1.619758,1.433603,0.186155,5.416721,6.272418,-0.577906
30-11-1977,4.821366,5.900695,0.209548,0.209548,0.370168,0.370168,1.525978,1.354776,0.171202,5.401081,6.485295,-0.270563
31-12-1977,4.12168,6.781158,0.255994,0.255994,0.400048,0.400048,1.652535,1.491745,0.16079,4.777722,7.442248,1.17278
31-01-1978,3.91598,6.994146,0.282638,0.282638,0.438983,0.438983,1.609273,1.532539,0.076735,4.637601,7.721485,1.551345
28-02-1978,3.676065,6.416481,0.238869,0.238869,0.391866,0.391866,1.42092,1.364122,0.056798,4.3068,7.052381,1.381459
31-03-1978,4.352372,6.280715,0.245611,0.245611,0.433459,0.433459,1.646151,1.581546,0.064605,5.031442,6.965503,0.352515
30-04-1978,4.705855,5.537677,0.192342,0.192342,0.434379,0.434379,1.466543,1.334356,0.132187,5.332575,6.169931,-0.497
31-05-1978,4.959267,5.63302,0.223373,0.223373,0.475883,0.475883,1.479371,1.297408,0.181963,5.658523,6.337994,-0.617937
30-06-1978,4.7963,5.469015,0.242728,0.242728,0.432628,0.432628,1.512571,1.292891,0.21968,5.471656,6.149904,-0.614643
31-07-1978,4.632517,5.629409,0.273603,0.273603,0.431461,0.431461,1.600652,1.440523,0.160129,5.337581,6.34019,-0.437914
31-08-1978,4.841779,5.801865,0.280082,0.280082,0.408417,0.408417,1.601528,1.425422,0.176105,5.530277,6.496081,-0.459619
30-09-1978,4.564316,5.446963,0.242769,0.242769,0.392287,0.392287,1.682186,1.49824,0.183946,5.199372,6.087552,-0.61006
31-10-1978,4.959112,5.788479,0.251605,0.251605,0.379436,0.379436,1.616595,1.393835,0.222759,5.590153,6.425237,-0.558751
30-11-1978,4.85622,6.02842,0.272438,0.272438,0.379078,0.379078,1.666014,1.429356,0.236659,5.507736,6.685469,-0.251623
31-12-1978,4.770957,6.783142,0.278067,0.278067,0.407564,0.407564,1.804366,1.595495,0.208871,5.456588,7.474491,0.422408
31-01-1979,4.742426,7.336166,0.302351,0.302351,0.447796,0.447796,1.769279,1.594709,0.174569,5.492573,8.092205,1.004923
28-02-1979,4.408445,6.732512,0.281883,0.281883,0.390487,0.390487,1.515101,1.355821,0.15928,5.080815,7.410205,0.973569
31-03-1979,4.952546,6.42199,0.264739,0.264739,0.457799,0.457799,1.708567,1.467522,0.241045,5.675084,7.150421,0.007815
30-04-1979,4.770662,5.635417,0.200369,0.200369,0.445932,0.445932,1.50324,1.269367,0.233873,5.416962,6.28742,-0.398909
31-05-1979,4.977269,5.688216,0.163455,0.163455,0.48908,0.48908,1.587866,1.337721,0.250145,5.629804,6.346644,-0.620881
30-06-1979,4.847761,5.520908,0.174776,0.174776,0.441683,0.441683,1.581381,1.330708,0.250673,5.464221,6.14307,-0.651859
31-07-1979,4.524046,5.619578,0.226552,0.226552,0.424513,0.424513,1.669406,1.40367,0.265735,5.175111,6.276536,-0.302246
31-08-1979,4.98963,5.814576,0.263316,0.263316,0.40921,0.40921,1.674783,1.415332,0.259451,5.662156,6.492996,-0.584493
30-09-1979,4.717572,5.431098,0.237204,0.237204,0.378903,0.378903,1.52275,1.304164,0.218586,5.333679,6.052908,-0.584935
31-10-1979,5.178934,5.911981,0.227745,0.227745,0.397602,0.397602,1.694041,1.411561,0.28248,5.804281,6.54322,-0.672622
30-11-1979,4.94752,6.049123,0.209477,0.209477,0.41474,0.41474,1.551628,1.290242,0.261386,5.571737,6.679042,-0.182937
31-12-1979,4.89564,6.682671,0.223959,0.223959,0.425109,0.425109,1.681775,1.423885,0.25789,5.544708,7.337632,0.369039
31-01-1980,5.11377,6.864636,0.215389,0.215389,0.478943,0.478943,1.679961,1.454376,0.225585,5.808102,7.565016,0.302537
29-02-1980,4.804588,6.482913,0.210277,0.210277,0.424298,0.424298,1.458972,1.250319,0.208653,5.439163,7.123145,0.433663
31-03-1980,5.14794,6.328141,0.218584,0.218584,0.469134,0.469134,1.461064,1.198588,0.262475,5.835658,7.021907,-0.012339
30-04-1980,4.909243,5.470245,0.205,0.205,0.477356,0.477356,1.32502,1.039226,0.285794,5.591598,6.158453,-0.472372
31-05-1980,5.010862,5.283326,0.200541,0.200541,0.517456,0.517456,1.266758,0.923459,0.343299,5.728859,6.00737,-0.644948
30-06-1980,4.833075,5.168984,0.199859,0.199859,0.497768,0.497768,1.27309,0.914339,0.358751,5.530702,5.872463,-0.572578
31-07-1980,4.687391,5.42874,0.229329,0.229329,0.471331,0.471331,1.195105,0.873088,0.322017,5.388052,6.135448,-0.125692
31-08-1980,4.782434,5.36277,0.265424,0.265424,0.429358,0.429358,1.18835,0.876459,0.311891,5.477215,6.063599,-0.290075
30-09-1980,4.775533,5.305752,0.257127,0.257127,0.401712,0.401712,1.154368,0.825311,0.329056,5.434372,5.970443,-0.289239
31-10-1980,4.962184,5.640628,0.267351,0.267351,0.402564,0.402564,1.233094,0.863782,0.369312,5.632099,6.31659,-0.179291
30-11-1980,4.828384,5.775618,0.228892,0.228892,0.409876,0.409876,1.212647,0.871458,0.34119,5.467152,6.420238,0.081628
31-12-1980,5.124584,6.667805,0.241396,0.241396,0.448546,0.448546,1.3478,1.01105,0.33675,5.814526,7.363795,0.538219
31-01-1981,4.933286,6.904959,0.26228,0.26228,0.462381,0.462381,1.327837,1.066928,0.260909,5.657948,7.639252,0.914377
28-02-1981,4.710872,5.810571,0.238196,0.238196,0.427043,0.427043,1.193052,0.916391,0.276662,5.37611,6.484509,0.192008
31-03-1981,5.201903,5.910062,0.242709,0.242709,0.443808,0.443808,1.173761,0.804578,0.369183,5.88842,6.60621,-0.086788
30-04-1981,4.135199,5.20014,0.227726,0.227726,0.43802,0.43802,1.066492,0.742355,0.324137,4.800945,5.875206,0.331906
31-05-1981,4.245212,5.231949,0.217546,0.217546,0.480423,0.480423,1.112558,0.839534,0.273023,4.943181,5.93955,0.156835
30-06-1981,4.672515,5.255929,0.233457,0.233457,0.496995,0.496995,1.022351,0.776954,0.245397,5.402967,5.995702,-0.184218
31-07-1981,5.007101,5.452931,0.254569,0.254569,0.491304,0.491304,1.121443,0.728799,0.392644,5.752973,6.208435,-0.273337
31-08-1981,5.177108,5.352038,0.297219,0.297219,0.454028,0.454028,1.113573,0.694033,0.41954,5.928355,6.112916,-0.509471
30-09-1981,5.06372,5.135095,0.269115,0.269115,0.40722,0.40722,1.183724,0.772868,0.410856,5.740055,5.820751,-0.692172
31-10-1981,5.254067,5.490746,0.226731,0.226731,0.416966,0.416966,1.160414,0.694912,0.465502,5.897764,6.144075,-0.448601
30-11-1981,4.954065,5.459212,0.251301,0.251301,0.418476,0.418476,1.090669,0.650898,0.439771,5.623842,6.13831,-0.136429
31-12-1981,5.132915,6.315167,0.286743,0.286743,0.477024,0.477024,1.153155,0.723536,0.429619,5.896682,7.088566,0.468348
31-01-1982,4.918393,6.640697,0.284331,0.284331,0.51444,0.51444,1.06643,0.749989,0.316441,5.717164,7.448166,0.981013
28-02-1982,4.728817,5.750531,0.223538,0.223538,0.489624,0.489624,0.872937,0.499,0.373937,5.441978,6.471248,0.53027
31-03-1982,5.267363,5.740713,0.251971,0.251971,0.544724,0.544724,0.892758,0.45271,0.440048,6.064058,6.544007,0.027239
30-04-1982,4.87061,5.27593,0.241222,0.241222,0.517128,0.517128,0.83866,0.413643,0.425018,5.62896,6.040586,-0.002017
31-05-1982,4.856617,4.829676,0.239606,0.239606,0.525795,0.525795,0.940268,0.522345,0.417923,5.622018,5.602379,-0.541984
30-06-1982,4.760056,4.78391,0.26604,0.26604,0.518974,0.518974,0.992314,0.577516,0.414798,5.54507,5.572673,-0.549912
31-07-1982,4.590146,5.028317,0.281997,0.281997,0.519267,0.519267,1.133264,0.749423,0.383841,5.39141,5.835852,-0.304981
31-08-1982,4.8292,5.047842,0.276671,0.276671,0.483203,0.483203,1.01679,0.660416,0.356374,5.589074,5.818627,-0.430863
30-09-1982,4.613666,4.823564,0.281149,0.281149,0.433748,0.433748,1.017597,0.643417,0.374181,5.328563,5.549273,-0.422708
31-10-1982,4.764703,5.017757,0.257422,0.257422,0.439874,0.439874,1.041527,0.605471,0.436056,5.461999,5.726507,-0.340962
30-11-1982,4.580885,5.241011,0.257281,0.257281,0.46993,0.46993,1.100767,0.751875,0.348893,5.308096,5.978943,-0.081028
31-12-1982,4.635404,5.655954,0.269921,0.269921,0.52293,0.52293,0.947767,0.627678,0.320089,5.428255,6.458452,0.402519
31-01-1983,4.702314,6.062504,0.273422,0.273422,0.562279,0.562279,0.921274,0.622098,0.299176,5.538015,6.907502,0.74739
28-02-1983,4.289048,5.290891,0.242067,0.242067,0.523276,0.523276,0.710558,0.448395,0.262163,5.05439,6.065647,0.562861
31-03-1983,4.665589,5.58921,0.260523,0.260523,0.572853,0.572853,0.76137,0.445309,0.316061,5.498964,6.431871,0.487597
30-04-1983,4.434922,5.055553,0.243561,0.243561,0.561458,0.561458,0.908755,0.598553,0.310203,5.23994,5.869679,0.031185
31-05-1983,4.490949,4.862973,0.240465,0.240465,0.581741,0.581741,0.98575,0.642137,0.343613,5.313155,5.692724,-0.262568
30-06-1983,4.370639,4.836114,0.263376,0.263376,0.569493,0.569493,0.996939,0.665575,0.331364,5.203508,5.677988,-0.191096
31-07-1983,4.325726,5.100754,0.279191,0.279191,0.550993,0.550993,1.101022,0.829766,0.271255,5.155909,5.941322,-0.044353
31-08-1983,4.710642,5.303409,0.285725,0.285725,0.528288,0.528288,1.174792,0.828032,0.34676,5.524655,6.128631,-0.224057
30-09-1983,4.546845,4.938737,0.272705,0.272705,0.476173,0.476173,1.146221,0.823301,0.322919,5.295724,5.699808,-0.419217
31-10-1983,4.699021,4.933914,0.281314,0.281314,0.474251,0.474251,1.024738,0.70113,0.323607,5.454585,5.701452,-0.454264
30-11-1983,4.57485,5.145302,0.272735,0.272735,0.507035,0.507035,0.996576,0.718614,0.277961,5.354621,5.935601,-0.137634
31-12-1983,4.557628,5.977512,0.287465,0.287465,0.587773,0.587773,1.023809,0.735962,0.287847,5.432865,6.863357,0.69453
31-01-1984,4.974302,6.755532,0.317844,0.317844,0.570081,0.570081,1.078119,0.833381,0.244738,5.862227,7.654075,0.958467
29-02-1984,4.770232,5.770207,0.308326,0.308326,0.535239,0.535239,1.030642,0.813228,0.217414,5.613797,6.623097,0.196071
31-03-1984,5.060365,5.973514,0.296499,0.296499,0.57904,0.57904,1.026372,0.712695,0.313676,5.935904,6.858673,0.210073
30-04-1984,4.813677,5.431746,0.262738,0.262738,0.566019,0.566019,1.013233,0.688441,0.324792,5.642434,6.270456,-0.060419
31-05-1984,5.066725,5.286097,0.280471,0.280471,0.593504,0.593504,1.146603,0.783599,0.363003,5.940699,6.170762,-0.553537
30-06-1984,4.841043,5.188581,0.274321,0.274321,0.553321,0.553321,1.017653,0.652732,0.364921,5.668685,6.026485,-0.294932
31-07-1984,4.924416,5.288875,0.306687,0.306687,0.547618,0.547618,1.039496,0.715059,0.324437,5.778721,6.155513,-0.338267
31-08-1984,5.242373,5.46417,0.319793,0.319793,0.524053,0.524053,0.973125,0.615294,0.357832,6.086219,6.323114,-0.378398
30-09-1984,4.889833,4.961915,0.316027,0.316027,0.47091,0.47091,0.979169,0.625682,0.353487,5.67677,5.761176,-0.541275
31-10-1984,4.800286,5.19925,0.268621,0.268621,0.47962,0.47962,1.113921,0.820063,0.293857,5.548527,5.960973,-0.407618
30-11-1984,4.636625,5.337341,0.266462,0.266462,0.48611,0.48611,1.062052,0.793083,0.268968,5.389197,6.100793,-0.081487
31-12-1984,4.789315,5.788606,0.334742,0.334742,0.532347,0.532347,0.990343,0.631322,0.359021,5.656405,6.666436,0.378709
31-01-1985,4.868823,6.42789,0.384371,0.384371,0.555205,0.555205,0.90482,0.601517,0.303303,5.808399,7.377254,0.967338
28-02-1985,4.573561,6.03303,0.32729,0.32729,0.511838,0.511838,0.73896,0.43483,0.30413,5.412689,6.880264,1.032745
31-03-1985,4.985737,5.710393,0.32972,0.32972,0.525002,0.525002,0.938271,0.627179,0.311093,5.840459,6.577553,0.109915
30-04-1985,4.80526,5.302405,0.28104,0.28104,0.512937,0.512937,1.009283,0.682503,0.32678,5.599237,6.10613,-0.17561
31-05-1985,4.906735,5.146409,0.304823,0.304823,0.542968,0.542968,1.120084,0.741914,0.378169,5.754526,6.005352,-0.491088
30-06-1985,4.670048,5.033449,0.32755,0.32755,0.50733,0.50733,0.932317,0.594389,0.337928,5.504928,5.88048,-0.218837
31-07-1985,4.656111,5.309635,0.373727,0.373727,0.489577,0.489577,0.962098,0.6374,0.324699,5.519414,6.187443,0.030629
31-08-1985,4.85715,5.395869,0.369775,0.369775,0.475912,0.475912,0.924128,0.507572,0.416556,5.702836,6.256987,0.046579
30-09-1985,4.673938,4.925617,0.366541,0.366541,0.454274,0.454274,0.937626,0.575029,0.362598,5.494752,5.759,-0.310781
31-10-1985,4.929382,5.207793,0.331461,0.331461,0.475406,0.475406,1.003525,0.641071,0.362454,5.736249,6.026246,-0.351075
30-11-1985,4.63135,5.228088,0.320428,0.320428,0.499606,0.499606,1.145918,0.742379,0.403539,5.451384,6.059118,-0.134645
31-12-1985,4.943628,6.315121,0.358837,0.358837,0.53396,0.53396,1.163543,0.798614,0.36493,5.836425,7.219105,0.584066
31-01-1986,5.143178,6.514033,0.383159,0.383159,0.486064,0.486064,1.118689,0.800809,0.31788,6.012402,7.395548,0.582336
28-02-1986,4.634737,5.785886,0.346156,0.346156,0.479122,0.479122,0.850971,0.565858,0.285113,5.460015,6.620399,0.594526
31-03-1986,4.965916,5.883728,0.325549,0.325549,0.558538,0.558538,0.918255,0.612939,0.305316,5.850002,6.775964,0.313024
30-04-1986,4.664471,5.239137,0.322413,0.322413,0.539897,0.539897,1.007339,0.631055,0.376285,5.526781,6.109551,-0.048284
31-05-1986,4.70561,5.206938,0.337725,0.337725,0.545072,0.545072,1.219801,0.8573,0.362502,5.588407,6.099383,-0.346323
30-06-1986,4.537852,5.147695,0.331481,0.331481,0.527412,0.527412,1.255401,0.941933,0.313467,5.396746,6.015826,-0.322853
31-07-1986,4.536041,5.451039,0.379718,0.379718,0.513292,0.513292,1.314651,0.97803,0.336621,5.429051,6.354208,-0.052872
31-08-1986,4.667907,5.331362,0.396534,0.396534,0.482847,0.482847,1.360371,0.987802,0.372569,5.547289,6.223701,-0.31139
30-09-1986,4.511383,4.947904,0.387113,0.387113,0.472114,0.472114,1.309332,0.963542,0.34579,5.37061,5.818638,-0.515514
31-10-1986,4.768518,5.164399,0.383103,0.383103,0.482113,0.482113,1.243122,0.894539,0.348583,5.633734,6.039911,-0.488362
30-11-1986,4.591745,5.247547,0.369674,0.369674,0.492321,0.492321,1.239755,0.910095,0.32966,5.45374,6.119265,-0.24457
31-12-1986,4.811648,6.066258,0.417484,0.417484,0.532346,0.532346,1.313714,0.986021,0.327693,5.761479,7.027262,0.279762
31-01-1987,4.931783,6.520368,0.417417,0.417417,0.521265,0.521265,1.262434,0.983433,0.279001,5.870465,7.472334,0.618435
28-02-1987,4.528326,5.879311,0.382159,0.382159,0.452878,0.452878,1.07584,0.787178,0.288662,5.363363,6.729068,0.578527
31-03-1987,4.875851,5.863944,0.389382,0.389382,0.498782,0.498782,1.147062,0.837773,0.309288,5.764016,6.767036,0.165247
30-04-1987,4.617703,5.470761,0.349992,0.349992,0.477656,0.477656,1.12268,0.800839,0.321842,5.445351,6.313868,0.067679
31-05-1987,4.619925,5.319684,0.358374,0.358374,0.509032,0.509032,1.173728,0.875641,0.298087,5.487331,6.199256,-0.163716
30-06-1987,4.635733,5.417632,0.38176,0.38176,0.466873,0.466873,1.259103,0.94183,0.317274,5.484367,6.280222,-0.145975
31-07-1987,4.543756,5.724864,0.41826,0.41826,0.467691,0.467691,1.455012,1.150123,0.304889,5.429708,6.626659,0.046828
31-08-1987,4.798734,5.618573,0.431801,0.431801,0.448986,0.448986,1.44313,1.111615,0.331515,5.679521,6.514555,-0.276581
30-09-1987,4.721206,5.26135,0.414191,0.414191,0.437201,0.437201,1.345792,1.024357,0.321435,5.572598,6.123881,-0.473074
31-10-1987,4.997007,5.527906,0.381045,0.381045,0.442655,0.442655,1.386298,1.086438,0.29986,5.820707,6.362769,-0.544376
30-11-1987,4.846465,5.517998,0.390924,0.390924,0.423208,0.423208,1.360877,1.033329,0.327548,5.660598,6.342057,-0.35187
31-12-1987,5.014152,6.352849,0.438627,0.438627,0.47558,0.47558,1.366267,0.953718,0.412549,5.92836,7.277377,0.3953
31-01-1988,4.950223,6.820914,0.473469,0.473469,0.495132,0.495132,1.451051,1.166073,0.284978,5.918824,7.800316,0.715419
29-02-1988,4.752379,6.402514,0.447892,0.447892,0.446663,0.446663,1.357434,1.08473,0.272704,5.646934,7.308187,0.576522
31-03-1988,5.086477,6.351358,0.465555,0.465555,0.469098,0.469098,1.387994,1.040957,0.347037,6.021131,7.296746,0.234659
30-04-1988,4.695146,5.560392,0.424786,0.424786,0.455993,0.455993,1.381018,1.019441,0.361577,5.575924,6.449806,-0.145559
31-05-1988,4.744347,5.466201,0.430975,0.430975,0.486212,0.486212,1.461137,1.093527,0.36761,5.661535,6.390836,-0.364226
30-06-1988,4.660775,5.577641,0.467326,0.467326,0.453891,0.453891,1.382768,0.993869,0.388899,5.581993,6.507738,-0.068124
31-07-1988,4.550257,5.763547,0.528281,0.528281,0.442602,0.442602,1.442954,1.066231,0.376724,5.52114,6.74603,0.158659
31-08-1988,4.994209,6.018489,0.519872,0.519872,0.437214,0.437214,1.451522,1.049017,0.402504,5.951295,6.988178,-0.012135
30-09-1988,4.720908,5.415734,0.49056,0.49056,0.426312,0.426312,1.42076,1.027408,0.393352,5.63778,6.340877,-0.324311
31-10-1988,4.865084,5.704981,0.451551,0.451551,0.422602,0.422602,1.540071,1.161948,0.378123,5.739237,6.586707,-0.314478
30-11-1988,4.884987,5.829882,0.419662,0.419662,0.448903,0.448903,1.481504,1.124273,0.357231,5.753552,6.704226,-0.1736
31-12-1988,4.941064,6.596231,0.467038,0.467038,0.472132,0.472132,1.537717,1.102003,0.435713,5.880234,7.54036,0.558122
31-01-1989,4.999261,6.634584,0.490288,0.490288,0.509148,0.509148,1.627406,1.313606,0.3138,5.998696,7.638756,0.326454
28-02-1989,4.541252,6.352085,0.409824,0.409824,0.461436,0.461436,1.434034,1.103028,0.331006,5.412511,7.229611,0.714072
31-03-1989,5.054078,6.586898,0.419471,0.419471,0.532717,0.532717,1.47982,1.086004,0.393816,6.006266,7.541181,0.448911
30-04-1989,4.706294,5.772522,0.354476,0.354476,0.530099,0.530099,1.543229,1.145853,0.397376,5.590869,6.660424,-0.076298
31-05-1989,4.894828,5.66289,0.405739,0.405739,0.562702,0.562702,1.539957,1.127886,0.412071,5.863269,6.635392,-0.355764
30-06-1989,4.649672,5.687456,0.454815,0.454815,0.546138,0.546138,1.520105,1.083654,0.436451,5.650625,6.693826,-0.040453
31-07-1989,4.433687,5.769796,0.553819,0.553819,0.525099,0.525099,1.643288,1.323777,0.319511,5.512605,6.856063,0.019681
31-08-1989,4.975478,5.927662,0.581511,0.581511,0.513156,0.513156,1.678367,1.276287,0.40208,6.070146,7.028181,-0.318252
30-09-1989,4.718105,5.515428,0.474507,0.474507,0.487951,0.487951,1.536456,1.154362,0.382094,5.680563,6.480979,-0.353947
31-10-1989,4.921508,5.818518,0.460972,0.460972,0.511061,0.511061,1.637013,1.228649,0.408364,5.89354,6.790635,-0.331554
30-11-1989,4.890853,5.962743,0.459296,0.459296,0.521326,0.521326,1.595702,1.151243,0.444459,5.871475,6.940305,-0.082413
31-12-1989,4.662688,7.175947,0.537442,0.537442,0.533842,0.533842,1.53092,1.11105,0.41987,5.733972,8.24546,1.400438
31-01-1990,5.179279,6.71583,0.583273,0.583273,0.511273,0.511273,1.814349,1.470313,0.344036,6.273824,7.809232,0.065094
28-02-1990,4.657415,5.970118,0.528705,0.528705,0.508362,0.508362,1.502284,1.189816,0.312469,5.694481,7.003711,0.119414
31-03-1990,5.088291,6.25336,0.487694,0.487694,0.567936,0.567936,1.575624,1.169826,0.405798,6.143921,7.305266,-0.008481
30-04-1990,4.765123,5.83131,0.407576,0.407576,0.530432,0.530432,1.51224,1.141857,0.370383,5.703131,6.76783,-0.077158
31-05-1990,4.890589,5.766968,0.454445,0.454445,0.525675,0.525675,1.735659,1.340345,0.395314,5.87071,6.746036,-0.465019
30-06-1990,4.715347,5.763212,0.490288,0.490288,0.503364,0.503364,1.669248,1.270844,0.398404,5.709,6.756044,-0.223801
31-07-1990,4.697539,5.961692,0.567668,0.567668,0.499497,0.499497,1.780529,1.404115,0.376414,5.764705,7.032232,-0.136588
31-08-1990,4.997071,6.188925,0.590033,0.590033,0.497457,0.497457,1.698821,1.271169,0.427652,6.084561,7.279164,-0.076565
30-09-1990,4.686923,5.650824,0.513067,0.513067,0.447351,0.447351,1.429787,0.999864,0.429923,5.647341,6.613366,-0.033839
31-10-1990,5.150339,5.882538,0.459207,0.459207,0.460201,0.460201,1.380127,0.96886,0.411267,6.069747,6.807,-0.231607
30-11-1990,4.927586,5.832145,0.476554,0.476554,0.459567,0.459567,1.382103,0.929581,0.452523,5.863706,6.771697,-0.02159
31-12-1990,4.767685,6.464655,0.545839,0.545839,0.528928,0.528928,1.336487,0.908186,0.428301,5.842452,7.542281,0.791643
31-01-1991,5.071747,6.931248,0.570005,0.570005,0.569478,0.569478,1.471087,1.080379,0.390709,6.21123,8.073921,0.782312
28-02-1991,4.680405,5.892879,0.501792,0.501792,0.465118,0.465118,1.286755,0.827547,0.459208,5.647315,6.862154,0.387292
31-03-1991,4.988368,6.101053,0.514987,0.514987,0.51911,0.51911,1.37714,0.986977,0.390163,6.022465,7.139161,0.12972
30-04-1991,4.729014,5.602625,0.43646,0.43646,0.492914,0.492914,1.464692,1.142883,0.321809,5.658388,6.536529,-0.264742
31-05-1991,4.763018,5.618474,0.490175,0.490175,0.540591,0.540591,1.7076,1.227563,0.480037,5.793784,6.654746,-0.366601
30-06-1991,4.560109,5.612394,0.568322,0.568322,0.51364,0.51364,1.600869,1.186823,0.414046,5.642071,6.697966,-0.130927
31-07-1991,4.691643,5.955334,0.636742,0.636742,0.499537,0.499537,1.570141,1.121813,0.448328,5.827921,7.098775,0.149042
31-08-1991,4.89135,5.978671,0.613027,0.613027,0.512231,0.512231,1.725884,1.283548,0.442335,6.016608,7.112442,-0.187715
30-09-1991,4.684678,5.614724,0.543843,0.543843,0.491724,0.491724,1.5365,1.109667,0.426834,5.720245,6.657677,-0.172234
31-10-1991,5.059727,5.883668,0.49959,0.49959,0.467137,0.467137,1.533753,1.108832,0.424921,6.026454,6.858583,-0.276703
30-11-1991,4.824607,6.046869,0.485359,0.485359,0.467744,0.467744,1.527844,1.070529,0.457316,5.777709,7.006253,0.158015
31-12-1991,4.886484,6.586641,0.561832,0.561832,0.528582,0.528582,1.532556,1.047295,0.485261,5.976898,7.683275,0.659082
31-01-1992,5.064879,6.835561,0.605734,0.605734,0.535607,0.535607,1.590406,1.142381,0.448024,6.206219,7.983359,0.634758
29-02-1992,4.652962,6.234612,0.552907,0.552907,0.449195,0.449195,1.356391,0.993582,0.362809,5.655065,7.243264,0.594618
31-03-1992,4.904112,6.381501,0.479942,0.479942,0.482785,0.482785,1.483558,1.075872,0.407686,5.866839,7.348605,0.405894
30-04-1992,4.74219,5.94784,0.442584,0.442584,0.445956,0.445956,1.621017,1.212328,0.408689,5.63073,6.841699,-0.001359
31-05-1992,4.759585,5.75883,0.477764,0.477764,0.45524,0.45524,1.620481,1.192691,0.42779,5.692589,6.698116,-0.187164
30-06-1992,4.666411,5.675539,0.535959,0.535959,0.497883,0.497883,1.588682,1.169789,0.418893,5.700253,6.715212,-0.15483
31-07-1992,4.772195,6.076354,0.586886,0.586886,0.486979,0.486979,1.740163,1.304138,0.436025,5.84606,7.159829,0.009631
31-08-1992,4.768049,5.915606,0.614183,0.614183,0.491443,0.491443,1.700604,1.339097,0.361507,5.873675,7.029232,-0.18354
30-09-1992,4.709341,5.682676,0.533178,0.533178,0.458264,0.458264,1.631103,1.219187,0.411916,5.700783,6.682171,-0.237799
31-10-1992,4.937301,5.908912,0.510817,0.510817,0.472681,0.472681,1.755176,1.377492,0.377684,5.920799,6.901629,-0.396662
30-11-1992,4.724958,6.040422,0.531147,0.531147,0.498632,0.498632,1.622571,1.200957,0.421614,5.754737,7.078629,0.122935
31-12-1992,4.912697,6.881807,0.608106,0.608106,0.545914,0.545914,1.662053,1.207748,0.454305,6.066717,8.044434,0.76997
31-01-1993,4.807679,6.714885,0.620536,0.620536,0.564645,0.563875,1.680292,1.290564,0.389729,5.99286,7.906824,0.623401
28-02-1993,4.417378,6.395945,0.539056,0.539056,0.477338,0.47773,1.522006,1.165634,0.356372,5.433772,7.419792,0.820386
31-03-1993,4.892433,6.771593,0.489546,0.489546,0.543315,0.543537,1.739272,1.401415,0.337857,5.925294,7.811624,0.484915
30-04-1993,4.609189,5.917162,0.453758,0.453758,0.527479,0.526705,1.757399,1.422959,0.33444,5.590426,6.902829,-0.110557
31-05-1993,4.552242,5.576916,0.529053,0.529053,0.537105,0.536102,1.769177,1.40052,0.368658,5.6184,6.645601,-0.373319
30-06-1993,4.60316,5.780633,0.552722,0.552722,0.50669,0.506208,1.764122,1.36814,0.395983,5.662572,6.843169,-0.187543
31-07-1993,4.444029,6.214218,0.593499,0.593499,0.491687,0.491496,1.904233,1.538176,0.366057,5.529215,7.307749,0.240358
31-08-1993,4.592797,6.23037,0.590418,0.590418,0.502293,0.501478,1.775181,1.461978,0.313203,5.685507,7.33322,0.185735
30-09-1993,4.587056,5.817883,0.525081,0.525081,0.461702,0.462236,1.73156,1.401067,0.330493,5.573839,6.815065,-0.159841
31-10-1993,4.767653,6.036419,0.466738,0.466738,0.468762,0.468918,1.913722,1.576916,0.336807,5.703153,6.983065,-0.297004
30-11-1993,4.69533,6.294266,0.492243,0.492243,0.482151,0.483799,1.819945,1.506658,0.313287,5.669725,7.280569,0.104186
31-12-1993,4.811324,6.929841,0.557848,0.557848,0.518768,0.519576,1.841424,1.457635,0.383788,5.88794,8.017696,0.672121
31-01-1994,4.725538,7.431876,0.594162,0.594162,0.546056,0.546993,1.721799,1.420782,0.301016,5.865757,8.584502,1.297963
28-02-1994,4.516633,6.733204,0.520733,0.520733,0.474599,0.475202,1.629586,1.361464,0.268122,5.511965,7.742177,0.868748
31-03-1994,5.139909,6.605446,0.511829,0.511829,0.530494,0.530782,1.813833,1.471575,0.342258,6.182232,7.663461,0.009653
30-04-1994,4.807947,6.000177,0.451444,0.451444,0.515827,0.516489,1.818279,1.527299,0.29098,5.775217,6.979179,-0.323337
31-05-1994,4.809569,5.872698,0.507184,0.507184,0.49455,0.494387,1.911308,1.595899,0.315409,5.811302,6.886157,-0.521044
30-06-1994,4.767774,6.111767,0.540902,0.540902,0.497434,0.496831,1.869233,1.504335,0.364898,5.80611,7.161985,-0.14846
31-07-1994,4.662735,6.220659,0.61795,0.61795,0.5383,0.537967,2.041825,1.718611,0.323213,5.818984,7.390644,-0.146952
31-08-1994,5.033069,6.345064,0.628207,0.628207,0.484336,0.484579,1.987285,1.63303,0.354255,6.145612,7.472473,-0.306169
30-09-1994,4.800529,5.857132,0.581426,0.581426,0.433627,0.430613,1.957682,1.599853,0.35783,5.815582,6.881237,-0.534198
31-10-1994,4.840115,6.05067,0.529943,0.529943,0.476303,0.477805,1.862735,1.510206,0.352528,5.846362,7.070616,-0.285952
30-11-1994,4.868054,6.07539,0.577783,0.577783,0.482932,0.482586,1.794387,1.438752,0.355634,5.92877,7.148136,-0.219386
31-12-1994,5.030171,6.846502,0.632314,0.632314,0.512713,0.512938,1.898721,1.489581,0.409139,6.175198,8.004003,0.339224
31-01-1995,4.95383,7.028515,0.665531,0.665531,0.516507,0.515418,1.73749,1.386639,0.350851,6.135868,8.22088,0.698373
28-02-1995,4.561374,6.561758,0.544873,0.544873,0.478624,0.47766,1.633285,1.296072,0.337213,5.584872,7.595771,0.714827
31-03-1995,5.021481,6.633216,0.545102,0.545102,0.55041,0.550611,1.931916,1.560619,0.371297,6.116993,7.74118,0.063568
30-04-1995,4.646312,6.039398,0.518215,0.518215,0.536529,0.536248,1.760335,1.384774,0.375561,5.701056,7.105608,0.019778
31-05-1995,4.808047,6.035281,0.571444,0.571444,0.533624,0.532012,1.847711,1.466412,0.3813,5.913115,7.150668,-0.228859
30-06-1995,4.708923,6.06616,0.592394,0.592394,0.560149,0.561172,1.931513,1.545699,0.385814,5.861466,7.231937,-0.175227
31-07-1995,4.68337,6.361742,0.651824,0.651824,0.60128,0.600268,1.868917,1.517469,0.351448,5.936475,7.626033,0.172089
31-08-1995,4.853799,6.674332,0.64787,0.64787,0.582286,0.580333,1.917884,1.55882,0.359064,6.083955,7.917379,0.274605
30-09-1995,4.766712,6.040399,0.585133,0.585133,0.499496,0.499538,1.987278,1.624357,0.362921,5.851342,7.135606,-0.340093
31-10-1995,4.872342,6.083335,0.570461,0.570461,0.558499,0.560889,1.838622,1.448176,0.390446,6.001303,7.22426,-0.225219
30-11-1995,4.826497,6.451528,0.553807,0.553807,0.55429,0.559124,1.862515,1.478485,0.384029,5.934594,7.572346,0.159267
31-12-1995,4.79371,7.187681,0.628781,0.628781,0.585646,0.586128,1.862149,1.416202,0.445947,6.008138,8.410372,0.986032
31-01-1996,4.791416,7.499915,0.661075,0.661075,0.606654,0.607656,1.988266,1.606227,0.382039,6.059145,8.776632,1.11126
29-02-1996,4.63798,6.934096,0.587409,0.587409,0.571306,0.572905,1.691399,1.323543,0.367855,5.796695,8.104038,0.9838
31-03-1996,4.978767,6.969688,0.582642,0.582642,0.627928,0.628615,1.925054,1.574206,0.350848,6.189337,8.191767,0.428224
30-04-1996,4.842086,6.266615,0.528566,0.528566,0.556072,0.556124,1.915001,1.541799,0.373202,5.926724,7.361878,-0.106645
31-05-1996,4.911048,6.272672,0.584355,0.584355,0.594909,0.59578,2.104389,1.733275,0.371114,6.090312,7.46309,-0.360497
30-06-1996,4.736299,6.221216,0.603899,0.603899,0.607621,0.608162,2.003971,1.62303,0.380941,5.947819,7.446041,-0.124808
31-07-1996,4.893643,6.492192,0.640194,0.640194,0.6101,0.610006,2.059825,1.670584,0.389241,6.143936,7.757828,-0.056693
31-08-1996,5.030173,6.611527,0.645688,0.645688,0.594881,0.594961,2.087835,1.712648,0.375187,6.270742,7.869469,-0.113921
30-09-1996,4.795487,6.048659,0.573389,0.573389,0.513262,0.512565,1.880212,1.462296,0.417916,5.882138,7.147233,-0.197201
31-10-1996,5.03176,6.507758,0.531582,0.531582,0.568747,0.567221,2.063822,1.650362,0.41346,6.132089,7.617372,-0.165079
30-11-1996,4.802522,6.676654,0.54754,0.54754,0.56131,0.561216,1.909379,1.507577,0.401802,5.911372,7.795705,0.376755
31-12-1996,4.886476,7.198654,0.600336,0.600336,0.598136,0.597221,2.004101,1.615159,0.388943,6.084948,8.404844,0.704737
31-01-1997,5.006932,7.567747,0.618248,0.618248,0.6298,0.629127,2.069048,1.678927,0.390121,6.25498,8.823702,0.889795
28-02-1997,4.651357,6.685037,0.531601,0.531601,0.563287,0.56344,1.825327,1.495092,0.330234,5.746246,7.787032,0.545694
31-03-1997,5.034904,6.818842,0.529045,0.529045,0.628991,0.628717,2.067558,1.701208,0.36635,6.19294,7.985146,0.090999
30-04-1997,4.810734,6.438344,0.471001,0.471001,0.60378,0.603648,2.043597,1.689066,0.354531,5.885515,7.523073,-0.051508
31-05-1997,5.057055,6.334819,0.493552,0.493552,0.642251,0.640222,2.231243,1.874033,0.35721,6.192857,7.476447,-0.590444
30-06-1997,4.753058,6.301964,0.546683,0.546683,0.607807,0.607079,2.152504,1.798343,0.354161,5.907547,7.465961,-0.239929
31-07-1997,4.901194,6.864248,0.601853,0.601853,0.611218,0.611062,2.096201,1.724859,0.371342,6.114265,8.090954,0.251829
31-08-1997,4.899501,6.688172,0.641012,0.641012,0.566988,0.567068,2.187522,1.752703,0.434819,6.107502,7.909856,0.049651
30-09-1997,4.906809,6.338503,0.551839,0.551839,0.513216,0.51247,2.133596,1.758631,0.374964,5.971863,7.412831,-0.317664
31-10-1997,5.046643,6.594252,0.493021,0.493021,0.581276,0.582313,2.248317,1.845021,0.403295,6.12094,7.677186,-0.288775
30-11-1997,4.699572,6.676918,0.537176,0.537176,0.526469,0.526711,2.058563,1.706576,0.351987,5.763217,7.749814,0.280021
31-12-1997,5.038524,7.472125,0.581961,0.581961,0.54177,0.542307,2.005764,1.601382,0.404382,6.162255,8.606328,0.84269
31-01-1998,5.202669,7.403689,0.607312,0.607312,0.591527,0.591097,2.162736,1.757813,0.404923,6.401509,8.607437,0.448116
28-02-1998,4.64164,6.569874,0.535028,0.535028,0.534596,0.53521,1.911604,1.596759,0.314846,5.711263,7.64498,0.336958
31-03-1998,5.132935,7.012227,0.563483,0.563483,0.585349,0.5865,2.114947,1.757377,0.357569,6.281766,8.16864,0.129496
30-04-1998,4.956706,6.454305,0.498354,0.498354,0.550089,0.548691,2.239636,1.871144,0.368491,6.005149,7.510104,-0.366189
31-05-1998,5.005234,6.421263,0.540248,0.540248,0.606598,0.605824,2.294969,1.899125,0.395844,6.15208,7.574503,-0.476702
30-06-1998,4.904914,6.585208,0.584683,0.584683,0.538497,0.537599,2.206581,1.839667,0.366914,6.028093,7.714757,-0.153003
31-07-1998,4.915663,7.053682,0.645187,0.645187,0.566004,0.56574,2.425219,2.062652,0.362567,6.126854,8.276443,0.086938
31-08-1998,4.958031,7.040388,0.633331,0.633331,0.537293,0.537245,2.329718,2.000926,0.328791,6.128655,8.225686,0.096105
30-09-1998,4.778397,6.519245,0.600147,0.600147,0.487115,0.486761,2.139946,1.798215,0.341731,5.865659,7.615079,-0.048794
31-10-1998,5.033568,6.514528,0.602492,0.602492,0.485982,0.486811,2.273754,1.92603,0.347724,6.122041,7.608859,-0.439212
30-11-1998,4.797821,6.445165,0.601894,0.601894,0.45609,0.455646,2.198832,1.896075,0.302757,5.855805,7.505881,-0.245998
31-12-1998,4.938343,7.254417,0.655652,0.655652,0.553643,0.554219,2.174578,1.829996,0.344582,6.147638,8.468996,0.491362
31-01-1999,4.867341,7.627163,0.686455,0.686455,0.596141,0.595568,2.230368,1.939216,0.291152,6.149937,8.911858,0.822705
28-02-1999,4.609765,6.672181,0.600763,0.600763,0.533209,0.533105,2.053818,1.814532,0.239285,5.743737,7.808517,0.250248
31-03-1999,5.018707,7.188621,0.614858,0.614858,0.564568,0.563739,2.269658,1.995008,0.274649,6.198134,8.369508,0.176366
30-04-1999,4.714329,6.590746,0.507129,0.507129,0.55166,0.549277,2.344189,2.001328,0.342861,5.773119,7.655644,-0.118802
31-05-1999,4.694461,6.418875,0.585793,0.585793,0.610259,0.608948,2.397598,2.10648,0.291118,5.890513,7.622287,-0.374705
30-06-1999,4.716691,6.571305,0.651038,0.651038,0.571957,0.573257,2.270249,1.961069,0.30918,5.939685,7.804112,-0.096642
31-07-1999,4.763469,7.067383,0.698212,0.698212,0.593688,0.593643,2.444238,2.133198,0.31104,6.055369,8.368275,0.179707
31-08-1999,4.856081,7.108281,0.712091,0.712091,0.547081,0.546596,2.36884,2.044535,0.324306,6.115254,8.376907,0.217118
30-09-1999,4.764465,6.479405,0.636771,0.636771,0.482169,0.481263,2.207964,1.909246,0.298718,5.883405,7.611091,-0.18156
31-10-1999,4.839475,6.666627,0.578335,0.578335,0.456721,0.457255,2.261398,1.927095,0.334303,5.874531,7.713484,-0.088142
30-11-1999,4.808766,6.494068,0.632772,0.632772,0.492909,0.49446,2.117997,1.806189,0.311809,5.934447,7.633346,-0.107289
31-12-1999,4.906244,7.43838,0.706037,0.706037,0.515281,0.516689,2.185265,1.844894,0.340371,6.127562,8.670985,0.698529
31-01-2000,4.780147,7.692062,0.737981,0.737981,0.505154,0.505528,2.202712,1.884179,0.318532,6.023281,8.945504,1.038043
29-02-2000,4.573548,7.222425,0.669318,0.669318,0.499963,0.498999,2.197317,1.934952,0.262365,5.742828,8.402205,0.724425
31-03-2000,5.071853,7.071465,0.654279,0.654279,0.55801,0.558482,2.358662,1.998167,0.360495,6.284142,8.293302,0.010993
30-04-2000,4.55188,6.486421,0.607585,0.607585,0.56853,0.567156,2.364967,2.061805,0.303161,5.727994,7.669707,-0.120092
31-05-2000,4.797348,6.789661,0.667205,0.667205,0.55873,0.558834,2.401082,2.081705,0.319377,6.023283,8.025775,-0.079212
30-06-2000,4.750776,6.783197,0.701857,0.701857,0.50912,0.507753,2.455863,2.138904,0.316959,5.961753,8.002829,-0.097827
31-07-2000,4.705909,6.970518,0.719306,0.719306,0.526269,0.525603,2.48172,2.173712,0.308008,5.951483,8.230406,0.105211
31-08-2000,4.980585,7.320572,0.701102,0.701102,0.503692,0.505433,2.592801,2.215439,0.377362,6.185379,8.542562,0.141744
30-09-2000,4.720733,6.629874,0.607662,0.607662,0.443382,0.443558,2.44013,2.121303,0.318828,5.771777,7.692331,-0.200748
31-10-2000,4.932901,6.738354,0.547207,0.547207,0.46822,0.469441,2.425012,2.056067,0.368946,5.948329,7.760537,-0.243858
30-11-2000,4.757145,6.858912,0.58894,0.58894,0.482871,0.484435,2.352358,1.98077,0.371588,5.828956,7.93999,0.130264
31-12-2000,4.683747,8.058291,0.65991,0.65991,0.477789,0.479073,2.592629,2.256584,0.336045,5.821446,9.198448,1.120417
31-01-2001,4.947112,8.058063,0.717508,0.717508,0.444974,0.447075,2.684007,2.340989,0.343018,6.109594,9.22901,0.778427
28-02-2001,4.486667,7.026546,0.639868,0.639868,0.404073,0.404487,2.275473,1.994052,0.281421,5.530608,8.072484,0.547824
31-03-2001,5.075413,7.362239,0.648935,0.648935,0.455786,0.456144,2.614857,2.328836,0.286021,6.180135,8.473235,-0.035736
30-04-2001,4.780893,6.620594,0.58484,0.58484,0.425372,0.424544,2.59639,2.286085,0.310305,5.791105,7.638091,-0.439099
31-05-2001,4.985702,6.542012,0.642374,0.642374,0.435524,0.434878,2.653393,2.301153,0.35224,6.0636,7.629046,-0.735707
30-06-2001,4.812772,6.482683,0.710365,0.710365,0.454623,0.451271,2.431719,2.132201,0.299518,5.977761,7.652575,-0.457387
31-07-2001,4.829644,6.97562,0.722301,0.722301,0.436074,0.438449,2.580344,2.305064,0.275281,5.988019,8.14438,-0.148702
31-08-2001,5.041467,7.134657,0.714192,0.714192,0.44791,0.445566,2.533412,2.199119,0.334294,6.203569,8.30326,-0.099427
30-09-2001,4.74847,6.340761,0.661861,0.661861,0.396476,0.39584,2.45207,2.164296,0.287774,5.806808,7.40056,-0.570544
31-10-2001,5.096975,6.670422,0.631394,0.631394,0.409925,0.412281,2.453097,2.142586,0.310511,6.138293,7.717436,-0.563444
30-11-2001,4.870084,6.487865,0.651034,0.651034,0.401777,0.401022,2.400776,2.075613,0.325163,5.922895,7.543843,-0.454665
31-12-2001,4.809547,7.0983,0.704181,0.704181,0.449333,0.448485,2.376635,2.051072,0.325564,5.963061,8.259892,0.245759
31-01-2002,5.040505,7.568672,0.740608,0.740608,0.476548,0.475003,2.407273,2.119657,0.287616,6.257661,8.792693,0.415375
28-02-2002,4.508688,6.777398,0.643836,0.643836,0.428362,0.4288,2.143063,1.858443,0.28462,5.580886,7.856619,0.417291
31-03-2002,4.80549,7.23929,0.65827,0.65827,0.459471,0.456504,2.421077,2.158172,0.262905,5.923232,8.359275,0.277871
30-04-2002,4.696089,6.654541,0.6102,0.6102,0.488519,0.488033,2.427617,2.139105,0.288512,5.794808,7.75851,-0.175403
31-05-2002,4.847341,6.612856,0.658182,0.658182,0.527657,0.527257,2.503646,2.213564,0.290081,6.03318,7.800433,-0.446312
30-06-2002,4.607591,6.657799,0.693055,0.693055,0.53358,0.533013,2.435687,2.131595,0.304092,5.834227,7.890056,-0.075766
31-07-2002,4.713075,7.152411,0.735334,0.735334,0.525255,0.525803,2.521561,2.255366,0.266196,5.973665,8.425786,0.196755
31-08-2002,4.818161,7.126571,0.739061,0.739061,0.46967,0.469232,2.581758,2.243122,0.338636,6.026891,8.344968,0.074954
30-09-2002,4.620841,6.550505,0.673308,0.673308,0.431903,0.431019,2.343444,2.047095,0.296349,5.726052,7.660322,-0.112825
31-10-2002,4.729941,6.720017,0.631668,0.631668,0.44546,0.445367,2.559275,2.231011,0.328264,5.80707,7.801565,-0.236516
30-11-2002,4.614375,6.909449,0.642395,0.642395,0.45586,0.458065,2.542731,2.234573,0.308158,5.71263,8.013093,0.06589
31-12-2002,4.774614,7.622747,0.719511,0.719511,0.488703,0.488107,2.443411,2.0906,0.352811,5.982828,8.832163,0.758735
31-01-2003,4.809844,8.039713,0.721318,0.721318,0.470095,0.467768,2.419513,2.046168,0.373346,6.001257,9.233323,1.185899
28-02-2003,4.331875,7.352223,0.635136,0.635136,0.437341,0.440766,2.170238,1.875371,0.294867,5.404352,8.431302,1.151579
31-03-2003,4.786667,7.250885,0.624624,0.624624,0.508215,0.506122,2.575172,2.266854,0.308318,5.919507,8.382907,0.196546
30-04-2003,4.661307,6.563808,0.591715,0.591715,0.509649,0.509869,2.605578,2.278553,0.327025,5.762671,7.668247,-0.372977
31-05-2003,4.732374,6.456592,0.648269,0.648269,0.557622,0.557691,2.739834,2.38842,0.351413,5.938265,7.663915,-0.66277
30-06-2003,4.602254,6.424067,0.668892,0.668892,0.549092,0.548232,2.65311,2.306586,0.346524,5.820237,7.642524,-0.484298
31-07-2003,4.640939,7.014799,0.725921,0.725921,0.524624,0.523856,2.741513,2.405675,0.335838,5.891484,8.272435,-0.024724
31-08-2003,4.714532,7.162053,0.719367,0.719367,0.50153,0.502381,2.721133,2.389947,0.331186,5.935429,8.391328,0.065952
30-09-2003,4.644104,6.499037,0.662669,0.662669,0.447121,0.445427,2.656169,2.335409,0.32076,5.753894,7.605784,-0.483519
31-10-2003,4.819384,6.708386,0.625489,0.625489,0.451931,0.452123,2.659108,2.313807,0.345301,5.896804,7.781223,-0.429388
30-11-2003,4.497115,6.753287,0.621151,0.621151,0.460818,0.463802,2.448815,2.112955,0.335859,5.579084,7.83561,0.143571
31-12-2003,4.742188,7.684241,0.715071,0.715071,0.524532,0.526226,2.616765,2.274073,0.342692,5.981791,8.926281,0.670417
31-01-2004,4.768187,8.096323,0.738367,0.738367,0.514261,0.515182,2.620406,2.326621,0.293786,6.020815,9.350304,1.002868
29-02-2004,4.425521,7.589798,0.668455,0.668455,0.474103,0.475956,2.557755,2.252563,0.305192,5.568078,8.733811,0.913169
31-03-2004,4.814606,7.263378,0.659937,0.659937,0.510702,0.5108,2.838301,2.456902,0.3814,5.985245,8.430967,-0.011179
30-04-2004,4.641249,6.692449,0.611292,0.611292,0.488758,0.489917,2.685335,2.282326,0.403009,5.741299,7.793673,-0.229953
31-05-2004,4.61008,6.765564,0.676959,0.676959,0.522609,0.52319,2.871301,2.487833,0.383469,5.809649,7.966313,-0.331169
30-06-2004,4.663308,6.739287,0.706331,0.706331,0.531796,0.534475,2.82737,2.44453,0.38284,5.901435,7.982283,-0.363682
31-07-2004,4.7192,7.121877,0.750556,0.750556,0.523871,0.52402,2.935243,2.570281,0.364962,5.993627,8.406337,-0.157571
31-08-2004,4.741681,7.099052,0.741102,0.741102,0.502493,0.502435,2.939559,2.57139,0.368169,5.985276,8.354285,-0.20238
30-09-2004,4.518315,6.65937,0.687539,0.687539,0.479402,0.480236,2.661257,2.305285,0.355972,5.685257,7.830388,-0.160154
31-10-2004,4.622894,6.817708,0.652067,0.652067,0.472897,0.474139,2.868717,2.525255,0.343462,5.747858,7.947538,-0.325574
30-11-2004,4.599739,6.945019,0.614635,0.614635,0.484754,0.485653,2.807686,2.464374,0.343311,5.699128,8.050412,-0.113091
31-12-2004,4.759239,7.876444,0.715534,0.715534,0.557149,0.558847,2.879319,2.453531,0.425789,6.031922,9.156182,0.670729
31-01-2005,4.703669,8.015701,0.728728,0.728728,0.537045,0.537957,2.844689,2.485242,0.359447,5.969442,9.287429,0.832745
28-02-2005,4.395181,7.152356,0.636042,0.636042,0.489404,0.489174,2.696854,2.329338,0.367516,5.520627,8.283712,0.433747
31-03-2005,4.964711,7.55195,0.642216,0.642216,0.524509,0.523965,2.896878,2.491006,0.405872,6.131436,8.726282,0.10384
30-04-2005,4.661086,6.615682,0.579031,0.579031,0.514356,0.51375,2.777684,2.384553,0.393131,5.754473,7.714735,-0.42429
31-05-2005,4.681531,6.708309,0.65716,0.65716,0.567482,0.568378,2.957281,2.524439,0.432842,5.906173,7.939029,-0.491583
30-06-2005,4.675718,6.914146,0.690282,0.690282,0.559572,0.562221,2.911081,2.459938,0.451143,5.925572,8.172075,-0.213434
31-07-2005,4.622076,7.266962,0.741687,0.741687,0.561855,0.56255,3.008039,2.621742,0.386297,5.925617,8.580751,0.033392
31-08-2005,4.723162,7.413572,0.744938,0.744938,0.514673,0.517306,2.945546,2.555713,0.389833,5.982773,8.687819,0.149334
30-09-2005,4.229679,6.621822,0.696488,0.696488,0.464185,0.464673,2.74365,2.440916,0.302734,5.390352,7.789281,-0.041987
31-10-2005,4.359133,6.660177,0.639055,0.639055,0.47583,0.477098,3.0058,2.699645,0.306155,5.474018,7.782715,-0.390948
30-11-2005,4.451119,6.78902,0.656557,0.656557,0.484914,0.486959,2.905754,2.61089,0.294863,5.59259,7.939547,-0.263934
31-12-2005,4.528238,7.91297,0.748627,0.748627,0.527174,0.529713,2.966014,2.593961,0.372053,5.804039,9.198389,0.80039
31-01-2006,4.693698,7.470393,0.750397,0.750397,0.590899,0.589472,2.950482,2.600141,0.350341,6.034994,8.815186,0.180052
28-02-2006,4.2315,7.004642,0.653394,0.653394,0.529246,0.527016,2.630297,2.301529,0.328768,5.414141,8.190426,0.474756
31-03-2006,4.769844,7.361981,0.664927,0.664927,0.55318,0.551725,2.796824,2.424192,0.372633,5.98795,8.584288,0.172147
30-04-2006,4.563702,6.523944,0.600714,0.600714,0.577843,0.579724,2.784947,2.414727,0.37022,5.742258,7.709169,-0.447816
31-05-2006,4.762797,6.678094,0.655064,0.655064,0.611368,0.618094,3.034537,2.611317,0.42322,6.029229,7.956212,-0.684335
30-06-2006,4.658733,6.819267,0.713665,0.713665,0.598607,0.608287,2.933685,2.526273,0.407412,5.971006,8.146062,-0.351217
31-07-2006,4.675808,7.294424,0.753266,0.753266,0.568581,0.573974,3.015386,2.624923,0.390463,5.997655,8.632133,0.009555
31-08-2006,4.784173,7.432139,0.751488,0.751488,0.531475,0.537154,3.14964,2.741692,0.407949,6.067137,8.731275,-0.077553
30-09-2006,4.579345,6.606302,0.695413,0.695413,0.478101,0.484045,2.986634,2.540468,0.446167,5.752859,7.785762,-0.507564
31-10-2006,4.780906,6.921649,0.60011,0.60011,0.489377,0.496715,2.861076,2.43864,0.422436,5.870392,8.01968,-0.289351
30-11-2006,4.631319,6.862516,0.640629,0.640629,0.515816,0.52259,2.711032,2.287135,0.423896,5.787764,8.028324,-0.046576
31-12-2006,4.744882,7.501847,0.73556,0.73556,0.542022,0.548344,2.794248,2.410416,0.383833,6.022463,8.793294,0.360415
31-01-2007,4.766295,7.838025,0.776251,0.776251,0.592181,0.597023,2.981632,2.546956,0.434676,6.134727,9.217789,0.536106
28-02-2007,4.300942,7.566001,0.684143,0.684143,0.488023,0.491007,2.461838,2.12213,0.339708,5.473109,8.750832,1.155593
31-03-2007,4.78946,7.29742,0.674497,0.674497,0.574791,0.57708,3.044348,2.63361,0.410738,6.038748,8.555148,-0.11721
30-04-2007,4.591832,6.739492,0.601035,0.601035,0.566548,0.565801,2.912455,2.504684,0.40777,5.759415,7.915978,-0.348121
31-05-2007,4.811407,6.726061,0.682043,0.682043,0.594245,0.593598,3.054552,2.615966,0.438586,6.087695,8.01359,-0.690071
30-06-2007,4.66717,6.798607,0.722934,0.722934,0.555788,0.557977,2.870868,2.456091,0.414777,5.945893,8.090384,-0.3116
31-07-2007,4.680978,7.145962,0.762954,0.762954,0.562071,0.56151,3.029216,2.539133,0.490083,6.006003,8.48329,-0.061847
31-08-2007,4.831601,7.49518,0.763084,0.763084,0.542083,0.542305,3.033339,2.567716,0.465623,6.136768,8.81248,0.107996
30-09-2007,4.581483,6.737768,0.708832,0.708832,0.483353,0.48239,2.877046,2.449668,0.427378,5.773668,7.933705,-0.289631
31-10-2007,4.831938,6.807023,0.647062,0.647062,0.500628,0.5036,2.806804,2.3762,0.430604,5.979628,7.964549,-0.391278
30-11-2007,4.743522,6.883434,0.680729,0.680729,0.503204,0.501382,2.763991,2.214775,0.549215,5.927455,8.074189,-0.068042
31-12-2007,4.772485,7.770058,0.755027,0.755027,0.547833,0.54982,2.842446,2.313794,0.528652,6.075344,9.081813,0.692675
31-01-2008,4.859584,8.066247,0.739318,0.739318,0.597581,0.59363,2.948052,2.417403,0.530649,6.196483,9.41029,0.796405
29-02-2008,4.596865,7.416912,0.680743,0.680743,0.54223,0.541686,2.602595,2.079138,0.523457,5.819837,8.649759,0.750785
31-03-2008,4.88269,7.303725,0.676417,0.676417,0.604443,0.596878,2.759004,2.158302,0.600703,6.16355,8.584342,0.26249
30-04-2008,4.79135,6.617114,0.599242,0.599242,0.607253,0.60643,2.775943,2.189734,0.586209,5.997844,7.832112,-0.355466
31-05-2008,4.867863,6.539491,0.67756,0.67756,0.668828,0.664939,2.742533,2.127049,0.615485,6.21425,7.889878,-0.451421
30-06-2008,4.659152,6.618345,0.734978,0.734978,0.67552,0.673973,2.766681,2.14945,0.617231,6.06965,8.03667,-0.182431
31-07-2008,4.975041,6.974474,0.776775,0.776775,0.646308,0.645981,2.81667,2.216281,0.600389,6.398124,8.411947,-0.202458
31-08-2008,4.937988,6.840556,0.758994,0.758994,0.599263,0.597497,2.838863,2.259697,0.579166,6.296245,8.21186,-0.344082
30-09-2008,4.40615,6.104693,0.700847,0.700847,0.531982,0.532877,2.446439,1.931127,0.515312,5.638979,7.348855,-0.221251
31-10-2008,4.891401,6.563795,0.656598,0.656598,0.55218,0.554001,2.826743,2.241681,0.585062,6.10018,7.779875,-0.561986
30-11-2008,4.738032,6.588885,0.662742,0.662742,0.551779,0.549341,2.690385,2.103992,0.586393,5.952553,7.805137,-0.251408
31-12-2008,4.920737,7.40631,0.762278,0.762278,0.614791,0.618066,2.756459,2.147332,0.609126,6.297806,8.793599,0.34846
31-01-2009,4.894487,7.722378,0.775038,0.775038,0.626716,0.622078,2.827832,2.233044,0.594788,6.296241,9.126375,0.597091
28-02-2009,4.501076,6.649806,0.671752,0.671752,0.54527,0.537023,2.377441,1.875236,0.502204,5.718099,7.866614,0.273279
31-03-2009,4.911425,6.714718,0.703269,0.703269,0.625349,0.623332,2.664286,2.109422,0.554864,6.240043,8.045558,-0.303906
30-04-2009,4.654185,6.051653,0.621353,0.621353,0.651335,0.655288,2.485878,1.982773,0.503105,5.926872,7.334454,-0.575192
31-05-2009,4.699176,5.889515,0.683971,0.683971,0.693227,0.697469,2.43555,1.902648,0.532902,6.076374,7.280292,-0.698731
30-06-2009,4.659088,6.102856,0.729356,0.729356,0.685872,0.68784,2.456688,1.89464,0.562048,6.074316,7.530644,-0.438312
31-07-2009,4.796858,6.385124,0.762973,0.762973,0.645722,0.645659,2.550358,1.934596,0.615762,6.205553,7.807674,-0.332476
31-08-2009,4.804587,6.565902,0.755606,0.755606,0.61811,0.618461,2.445573,1.853492,0.592081,6.178304,7.955239,-0.076557
30-09-2009,4.646178,5.996211,0.687698,0.687698,0.570982,0.56929,2.453528,1.857808,0.59572,5.904858,7.263741,-0.498925
31-10-2009,4.756574,6.216283,0.606841,0.606841,0.628298,0.628834,2.325738,1.681982,0.643756,5.991712,7.463399,-0.210295
30-11-2009,4.592522,6.173966,0.617805,0.617805,0.642624,0.637537,2.315794,1.718127,0.597667,5.85295,7.438,-0.133078
31-12-2009,4.695395,7.394065,0.739558,0.739558,0.692242,0.686335,2.351669,1.726364,0.625304,6.127195,8.831041,0.977481
31-01-2010,4.715521,7.674596,0.758495,0.758495,0.684631,0.674854,2.514866,1.928875,0.58599,6.158647,9.12207,1.034547
28-02-2010,4.432809,6.890472,0.681945,0.681945,0.622725,0.616888,2.236021,1.684273,0.551748,5.737478,8.200866,0.779115
31-03-2010,5.007242,6.81611,0.675562,0.675562,0.696685,0.687483,2.518272,1.868581,0.649691,6.37949,8.189559,-0.058512
30-04-2010,4.77354,6.078281,0.602151,0.602151,0.675733,0.672394,2.578934,1.897908,0.681027,6.051424,7.361723,-0.587608
31-05-2010,4.776965,6.233575,0.696713,0.696713,0.732772,0.731173,2.577522,1.878576,0.698946,6.206451,7.665975,-0.419052
30-06-2010,4.713787,6.504583,0.713885,0.713885,0.769017,0.771168,2.555147,1.875938,0.67921,6.196689,7.998152,-0.074475
31-07-2010,4.867467,6.887004,0.75164,0.75164,0.717649,0.718081,2.704398,1.993603,0.710795,6.336755,8.366321,0.035962
31-08-2010,4.975638,6.999945,0.748093,0.748093,0.678088,0.676525,2.626105,1.933317,0.692788,6.401818,8.430768,0.095633
30-09-2010,4.912295,6.317627,0.725068,0.725068,0.641121,0.637853,2.430501,1.760427,0.670074,6.278484,7.682324,-0.356587
31-10-2010,5.017727,6.173845,0.655872,0.655872,0.661381,0.658593,2.389302,1.680187,0.709115,6.33498,7.489785,-0.525382
30-11-2010,4.903486,6.439027,0.654872,0.654872,0.696046,0.68954,2.288173,1.533467,0.754706,6.254404,7.786146,-0.001725
31-12-2010,5.062813,7.70799,0.770138,0.770138,0.739158,0.73356,2.446525,1.654584,0.791941,6.572109,9.220542,0.99385
31-01-2011,4.977779,7.776325,0.761181,0.761181,0.755956,0.740101,2.645132,1.811467,0.833665,6.494916,9.286777,0.980394
28-02-2011,4.498148,6.699789,0.677953,0.677953,0.718491,0.711537,2.117784,1.364611,0.753172,5.894592,8.096854,0.837651
31-03-2011,5.160762,6.812883,0.687083,0.687083,0.827278,0.816648,2.530831,1.657863,0.872969,6.675123,8.325084,-0.007902
30-04-2011,4.906942,6.092503,0.570783,0.570783,0.824689,0.815493,2.403862,1.533433,0.870429,6.302414,7.486272,-0.349574
31-05-2011,4.996022,6.120641,0.596583,0.596583,0.845788,0.839626,2.490008,1.649877,0.840131,6.438393,7.569207,-0.519063
30-06-2011,4.913867,6.349218,0.682987,0.682987,0.837531,0.836944,2.408985,1.597455,0.81153,6.434384,7.879953,-0.151886
31-07-2011,4.937955,6.801611,0.757017,0.757017,0.805792,0.796166,2.495438,1.64881,0.846629,6.500764,8.371063,0.22149
31-08-2011,5.205101,6.877569,0.746487,0.746487,0.7558,0.755301,2.39665,1.524464,0.872185,6.707388,8.394966,0.163114
30-09-2011,5.051033,6.159359,0.699506,0.699506,0.689653,0.682866,2.286937,1.402551,0.884387,6.440192,7.552035,-0.290707
31-10-2011,5.299419,6.182237,0.662758,0.662758,0.720149,0.711207,2.345885,1.462575,0.883309,6.682326,7.565711,-0.57919
30-11-2011,5.235448,6.355753,0.674655,0.674655,0.748063,0.737148,2.266041,1.37929,0.88675,6.658166,7.775544,-0.261912
31-12-2011,5.347022,7.034714,0.751706,0.751706,0.780498,0.770705,2.360429,1.342866,1.017562,6.879226,8.568678,0.346585
31-01-2012,5.406309,7.144212,0.758482,0.758482,0.773864,0.75269,2.359728,1.50815,0.851579,6.938655,8.666355,0.21955
29-02-2012,4.97344,6.591734,0.669053,0.669053,0.695961,0.684269,2.141501,1.317897,0.823604,6.338454,7.954506,0.298156
31-03-2012,5.210542,6.215814,0.646854,0.646854,0.797646,0.790588,2.295457,1.342139,0.953318,6.655042,7.663517,-0.333664
30-04-2012,4.920631,5.839891,0.585471,0.585471,0.77099,0.767268,2.210592,1.231271,0.979321,6.277093,7.205389,-0.302974
31-05-2012,5.138538,6.124276,0.650551,0.650551,0.813258,0.810563,2.391594,1.399975,0.99162,6.602347,7.600137,-0.402184
30-06-2012,4.993785,6.247402,0.682603,0.682603,0.779742,0.77991,2.370455,1.393181,0.977275,6.456131,7.724107,-0.125204
31-07-2012,5.277106,6.789834,0.724406,0.724406,0.751249,0.752139,2.352838,1.388549,0.964289,6.752761,8.285714,0.144404
31-08-2012,5.347837,6.746537,0.729361,0.729361,0.720652,0.726017,2.359815,1.427579,0.932236,6.797849,8.220671,-0.004757
30-09-2012,5.115761,6.019045,0.67601,0.67601,0.651381,0.650345,2.198315,1.299767,0.898548,6.443151,7.359055,-0.383864
31-10-2012,5.375267,6.236452,0.626049,0.626049,0.683696,0.689455,2.175903,1.239404,0.936499,6.685012,7.564448,-0.359968
30-11-2012,5.264784,6.462099,0.594293,0.594293,0.687807,0.688272,2.118819,1.195047,0.923772,6.546884,7.757953,0.016022
31-12-2012,5.273745,6.886605,0.718688,0.718688,0.769914,0.768019,2.093128,1.057837,1.035291,6.762347,8.384662,0.564478
31-01-2013,5.299858,7.413982,0.746119,0.746119,0.798274,0.797304,2.163805,1.278554,0.885251,6.844252,8.972153,0.849347
28-02-2013,4.873636,6.636237,0.64244,0.64244,0.712257,0.714264,1.8042,0.950579,0.853621,6.228333,8.007429,0.828517
31-03-2013,5.374701,6.918264,0.657737,0.657737,0.779697,0.781514,2.026198,1.006049,1.020149,6.812136,8.3733,0.555115
30-04-2013,5.194314,6.076252,0.593157,0.593157,0.828707,0.830705,2.05532,1.150333,0.904987,6.616178,7.51368,-0.252832
31-05-2013,5.39429,6.060583,0.6567,0.6567,0.869796,0.870257,2.137389,1.142571,0.994818,6.920786,7.604649,-0.458708
30-06-2013,5.216461,6.163129,0.694124,0.694124,0.833767,0.839147,2.040001,1.081916,0.958085,6.744352,7.715212,-0.111055
31-07-2013,5.501214,6.679546,0.737064,0.737064,0.82578,0.826101,2.168373,1.154729,1.013644,7.064058,8.262746,0.043958
31-08-2013,5.622376,6.638514,0.745477,0.745477,0.753265,0.756596,2.157734,1.140875,1.016858,7.121119,8.161546,-0.100449
30-09-2013,5.406128,6.209405,0.687533,0.687533,0.70818,0.715938,2.06474,1.109721,0.955019,6.801841,7.629706,-0.281856
31-10-2013,5.4739,6.275289,0.660205,0.660205,0.75134,0.756568,2.016373,0.953859,1.062513,6.885445,7.706898,-0.132405
30-11-2013,5.396623,6.656275,0.678929,0.678929,0.769765,0.768716,1.923917,0.940481,0.983436,6.845317,8.119832,0.334034
31-12-2013,5.430086,7.496801,0.744947,0.744947,0.80671,0.806667,2.064516,0.925352,1.139164,6.981743,9.062807,1.155713
31-01-2014,5.578825,7.981908,0.765208,0.765208,0.832071,0.82509,2.058377,1.058765,0.999612,7.176104,9.586483,1.351614
28-02-2014,5.1054,7.045436,0.655141,0.655141,0.715293,0.712154,1.798325,0.875096,0.923229,6.475834,8.423459,1.07253
31-03-2014,5.778049,6.99032,0.652611,0.652611,0.86744,0.862101,1.976814,0.888944,1.08787,7.2981,8.517474,0.33043
30-04-2014,5.672104,6.07762,0.589726,0.589726,0.874973,0.872763,1.949044,0.977452,0.971592,7.136803,7.551892,-0.562363
31-05-2014,5.831354,6.099528,0.658367,0.658367,0.872186,0.870407,1.979257,0.965966,1.013292,7.361906,7.643874,-0.683998
30-06-2014,5.647544,6.178278,0.712658,0.712658,0.870396,0.866273,1.829108,0.814805,1.014303,7.230598,7.772385,-0.273018
31-07-2014,5.960544,6.61897,0.752422,0.752422,0.837457,0.833911,1.995006,0.934105,1.060902,7.550423,8.223279,-0.261249
31-08-2014,6.049628,6.662978,0.743936,0.743936,0.769384,0.772102,1.972179,0.911551,1.060628,7.562948,8.198856,-0.275642
30-09-2014,5.866873,6.190374,0.706343,0.706343,0.724546,0.723306,1.888962,0.923002,0.965961,7.297762,7.637999,-0.582765
31-10-2014,6.095492,6.311486,0.652547,0.652547,0.775083,0.776031,1.899391,0.890788,1.008603,7.523122,7.755148,-0.658763
30-11-2014,5.870241,6.679229,0.681301,0.681301,0.819811,0.816201,1.878978,0.854861,1.024117,7.371353,8.192794,-0.03342
31-12-2014,6.168426,7.180598,0.767299,0.767299,0.839005,0.83074,2.015545,0.875877,1.139668,7.77473,8.793278,0.142671
31-01-2015,6.105328,7.682537,0.776715,0.776715,0.832216,0.817426,2.075296,0.972497,1.102799,7.714259,9.294494,0.607738
28-02-2015,5.437442,7.159352,0.66368,0.66368,0.774095,0.769798,1.839729,0.834029,1.0057,6.875217,8.607225,0.897979
31-03-2015,6.078305,6.899031,0.67503,0.67503,0.840618,0.836501,2.078916,1.04381,1.035106,7.593954,8.429971,-0.207793
30-04-2015,5.86954,5.984159,0.625226,0.625226,0.836982,0.835071,1.921578,0.816133,1.105445,7.331749,7.464733,-0.683148
31-05-2015,5.850065,6.101003,0.688414,0.688414,0.830355,0.832147,2.000193,0.890011,1.110182,7.368834,7.64206,-0.616785
30-06-2015,5.61156,6.36044,0.716542,0.716542,0.795456,0.797476,1.962594,0.930252,1.032342,7.123558,7.895194,-0.158616
31-07-2015,5.970943,6.834754,0.746829,0.746829,0.821508,0.822935,2.031954,0.936845,1.095109,7.539279,8.425841,-0.050283
31-08-2015,6.097609,6.729872,0.75732,0.75732,0.795294,0.799527,2.081931,1.028342,1.053589,7.650223,8.308934,-0.36963
30-09-2015,5.88472,6.214951,0.69521,0.69521,0.745604,0.752557,1.925426,0.849215,1.076211,7.325534,7.682856,-0.491893
31-10-2015,5.958372,6.184823,0.633451,0.633451,0.778142,0.778832,1.901351,0.831727,1.069625,7.369965,7.612678,-0.589014
30-11-2015,5.657116,6.197692,0.63024,0.63024,0.829956,0.8268,1.898708,0.838534,1.060174,7.117313,7.672433,-0.283414
31-12-2015,5.669807,6.741673,0.728229,0.728229,0.885702,0.880423,2.075998,0.920127,1.15587,7.283738,8.367728,0.163863
31-01-2016,5.595942,7.415254,0.758537,0.758537,0.878466,0.859655,2.103195,1.004195,1.099,7.232945,9.054377,0.817237
29-02-2016,5.258684,6.663741,0.686509,0.686509,0.866911,0.857728,2.026808,0.98917,1.037638,6.812104,8.224631,0.423357
31-03-2016,5.500513,6.3369,0.691851,0.691851,0.945574,0.936539,2.135119,0.967941,1.167178,7.137938,7.982821,-0.123058
30-04-2016,5.175966,5.886045,0.656112,0.656112,0.895645,0.889149,2.026277,0.903546,1.122731,6.727724,7.445814,-0.185456
31-05-2016,5.392351,5.958827,0.696324,0.696324,0.906373,0.9035,2.165413,0.922887,1.242526,6.995048,7.576362,-0.341573
30-06-2016,5.331994,6.347812,0.702587,0.702587,0.863121,0.857314,2.070735,0.88057,1.190165,6.897702,7.928655,0.150384
31-07-2016,5.527616,6.824567,0.735784,0.735784,0.874581,0.875161,2.25379,1.1231,1.130691,7.137981,8.459735,0.198654
31-08-2016,5.621476,6.932325,0.748095,0.748095,0.827092,0.826663,2.211385,1.025171,1.186213,7.196662,8.530155,0.308322
30-09-2016,5.379531,6.251514,0.684522,0.684522,0.792546,0.791941,2.097864,0.913648,1.184215,6.8566,7.74405,-0.026197
31-10-2016,5.635909,6.160696,0.63521,0.63521,0.839768,0.834615,2.058266,0.933978,1.124287,7.110887,7.648668,-0.396198
30-11-2016,5.510229,6.171333,0.681705,0.681705,0.840573,0.838294,2.105279,0.842449,1.262829,7.032507,7.711817,-0.163139
31-12-2016,5.506708,7.37,0.749517,0.749517,0.946715,0.938113,2.123956,0.752223,1.371734,7.20294,9.074258,1.119096
31-01-2017,5.602581,7.279425,0.764768,0.764768,0.931662,0.909224,2.314684,0.934251,1.380433,7.299011,8.975714,0.742452
28-02-2017,5.202621,6.076847,0.664778,0.664778,0.878646,0.862546,1.959252,0.570205,1.389046,6.746044,7.621171,0.304921
31-03-2017,5.68814,6.714135,0.68081,0.68081,1.031122,1.018288,2.194988,0.724814,1.470174,7.400072,8.430378,0.305492
30-04-2017,5.422465,5.846171,0.593479,0.593479,1.002382,0.997739,2.111712,0.690529,1.421182,7.018326,7.452592,-0.256264
31-05-2017,5.656278,6.098856,0.64127,0.64127,1.039891,1.038529,2.263762,0.810799,1.452963,7.337439,7.793164,-0.355074
30-06-2017,5.610774,6.245456,0.700866,0.700866,0.994362,0.994661,2.117259,0.682859,1.4344,7.306003,7.958662,-0.030199
31-07-2017,5.739792,6.734308,0.745875,0.745875,0.928982,0.923921,2.129007,0.670517,1.45849,7.414649,8.421864,0.336697
31-08-2017,5.884908,6.645986,0.757067,0.757067,0.874484,0.86974,2.153423,0.760095,1.393328,7.516459,8.292366,0.015812
30-09-2017,5.668658,6.050237,0.712236,0.712236,0.849394,0.840006,1.99326,0.51531,1.47795,7.230288,7.617957,-0.127641
31-10-2017,5.985627,6.21255,0.690239,0.690239,0.904788,0.894515,2.064724,0.381463,1.683261,7.580655,7.808368,-0.153751
30-11-2017,5.951288,6.509779,0.696756,0.696756,0.896119,0.8799,2.023431,0.365876,1.657555,7.544163,8.097036,0.186998
31-12-2017,6.039159,7.493366,0.770824,0.770824,0.92767,0.909322,2.132348,0.405532,1.726816,7.737653,9.187347,1.044162
31-01-2018,5.988689,7.911819,0.780456,0.780456,0.976929,0.958085,2.227522,0.655075,1.572446,7.746073,9.664299,1.26315
28-02-2018,5.608193,6.47658,0.67738,0.67738,0.922932,0.89756,1.860679,0.33609,1.52459,7.208504,8.063531,0.518937
31-03-2018,6.262835,6.990649,0.700826,0.700826,1.017194,0.998825,2.114327,0.371921,1.742406,7.980856,8.705324,0.352546
30-04-2018,5.960693,6.252246,0.618237,0.618237,1.024178,1.005717,2.12512,0.333269,1.791851,7.603107,7.886119,-0.050257
31-05-2018,6.208616,6.219886,0.703833,0.703833,1.054663,1.048456,2.142157,0.367426,1.774731,7.967112,7.986156,-0.348381
30-06-2018,6.104569,6.380783,0.728583,0.728583,1.033802,1.018926,2.17634,0.414152,1.762188,7.866955,8.142891,-0.138216
31-07-2018,6.406754,6.904313,0.757528,0.757528,0.948984,0.933103,2.16145,0.298256,1.863194,8.113266,8.610077,0.198555
31-08-2018,6.693918,6.97706,0.755713,0.755713,0.953714,0.939764,2.191516,0.454452,1.737064,8.403345,8.689603,-0.168194
30-09-2018,6.439581,6.322819,0.676697,0.676697,0.872342,0.852988,1.998803,0.275447,1.723356,7.98862,7.863388,-0.400679
31-10-2018,6.734886,6.564261,0.620995,0.620995,0.90945,0.890844,1.981975,0.088348,1.893627,8.265331,8.085771,-0.267908
30-11-2018,6.599256,6.943583,0.668643,0.668643,0.913361,0.894207,1.895825,0.012264,1.883561,8.18126,8.515059,0.321536
31-12-2018,6.776997,7.336542,0.749177,0.749177,0.952043,0.931479,1.957559,0.002918,1.954641,8.478216,9.02803,0.546895
31-01-2019,6.809097,7.838231,0.769584,0.769584,0.952661,0.92859,2.121899,0.211685,1.910215,8.531342,9.547804,0.804778
28-02-2019,6.12895,6.835727,0.675753,0.675753,0.882918,0.869601,1.700241,-0.024471,1.724712,7.687621,8.391774,0.728623
31-03-2019,6.663949,7.031288,0.679562,0.679562,0.999795,0.988904,1.924651,0.012582,1.912069,8.343306,8.707946,0.352057
30-04-2019,6.65414,6.011698,0.632586,0.632586,1.0397,1.023881,1.924807,0.031884,1.892923,8.326426,7.676307,-0.682003
31-05-2019,6.877088,6.175787,0.700904,0.700904,1.073754,1.065456,2.045868,0.092071,1.953797,8.651746,7.952525,-0.791293
30-06-2019,6.606718,6.189718,0.718461,0.718461,1.009869,0.997705,1.889378,-0.050648,1.940025,8.335048,7.918271,-0.366129
31-07-2019,6.785362,6.811535,0.753898,0.753898,0.998272,0.98522,2.020569,0.131721,1.888848,8.537531,8.563226,-0.106026
31-08-2019,7.06218,6.86216,0.750891,0.750891,0.952554,0.939378,1.97528,0.005971,1.969309,8.765625,8.56635,-0.205246
30-09-2019,6.822768,6.26438,0.689836,0.689836,0.91247,0.901129,1.789243,-0.187664,1.976907,8.425074,7.867345,-0.370065
31-10-2019,7.062514,6.3538,0.647745,0.647745,0.941536,0.933183,1.816105,-0.271633,2.087737,8.651795,7.942221,-0.437941
30-11-2019,6.886113,6.814014,0.669598,0.669598,0.912051,0.900215,1.688425,-0.340187,2.028612,8.467762,8.396094,0.268519
31-12-2019,7.048279,7.236205,0.763034,0.763034,0.951898,0.935226,1.968761,-0.221653,2.190414,8.763212,8.948239,0.40668
31-01-2020,7.023966,7.230035,0.774776,0.774776,0.981404,0.95929,1.871493,-0.30372,2.175213,8.780146,8.974959,0.498533
29-02-2020,6.457747,6.7023,0.688502,0.688502,0.985297,0.96752,1.72719,-0.361601,2.088791,8.131546,8.367983,0.598038
31-03-2020,6.830089,6.239582,0.668515,0.668515,0.995239,0.963978,1.782154,-0.453918,2.236072,8.493843,7.884964,-0.154961
30-04-2020,6.242222,4.97187,0.61809,0.61809,0.922997,0.915348,1.507487,-0.372306,1.879794,7.783309,6.516376,-0.894627
31-05-2020,5.794635,5.122613,0.672074,0.672074,1.021471,1.022323,1.651252,-0.04247,1.693721,7.488181,6.829652,-0.616059
30-06-2020,5.889961,5.523024,0.702024,0.702024,1.038836,1.037951,1.704521,0.045539,1.658983,7.630822,7.276318,-0.400042
31-07-2020,6.302331,6.338741,0.7248,0.7248,0.995034,0.985773,1.69169,-0.182439,1.874128,8.022165,8.067831,0.228105
31-08-2020,6.301563,6.330145,0.720588,0.720588,0.954931,0.943395,1.612727,-0.265065,1.877792,7.977082,8.0142,0.302183
30-09-2020,6.138334,5.727728,0.686588,0.686588,0.884571,0.874063,1.544957,-0.307809,1.852767,7.709492,7.30114,-0.100543
31-10-2020,6.2046,5.925301,0.6201,0.6201,0.938501,0.918562,1.578486,-0.396807,1.975293,7.763202,7.477217,0.110822
30-11-2020,6.234271,5.963724,0.645145,0.645145,0.980632,0.962361,1.596209,-0.360697,1.956907,7.860048,7.582876,0.083525
31-12-2020,6.393932,7.001264,0.729872,0.729872,0.984504,0.968169,1.719896,-0.474567,2.194463,8.108308,8.714053,1.080312
31-01-2021,6.50676,7.210939,0.748098,0.748098,0.996592,0.966254,1.771525,-0.311399,2.082925,8.25145,8.939434,0.999384
28-02-2021,5.330326,6.614624,0.656549,0.656549,0.873844,0.867479,1.565742,-0.101161,1.666903,6.860719,8.148638,1.38908
31-03-2021,6.605408,6.357527,0.664413,0.664413,1.096067,1.084536,1.788106,-0.279001,2.067107,8.365888,8.119532,0.032645
30-04-2021,6.368644,5.875228,0.595413,0.595413,1.053848,1.044185,1.702768,-0.401702,2.10447,8.017904,7.526169,-0.090034
31-05-2021,6.627368,5.953166,0.661137,0.661137,1.112084,1.104371,1.799127,-0.33206,2.131187,8.400589,7.731281,-0.337248
30-06-2021,6.441243,6.318544,0.689048,0.689048,1.039772,1.027711,1.890417,-0.314011,2.204428,8.170063,8.050457,0.194406
31-07-2021,6.638882,6.696717,0.717845,0.717845,1.001086,0.988428,1.877723,-0.207653,2.085376,8.357812,8.41805,0.267891
31-08-2021,6.681408,6.783647,0.724517,0.724517,1.015449,1.009159,1.845777,-0.337489,2.183267,8.421374,8.528827,0.444942
30-09-2021,6.42136,6.079996,0.672879,0.672879,0.972447,0.962218,1.829001,-0.095993,1.924995,8.066687,7.724445,-0.246249
31-10-2021,6.770603,6.157526,0.593874,0.593874,1.00656,0.997633,1.751844,-0.311057,2.062901,8.371038,7.758761,-0.301219
30-11-2021,6.653553,6.466033,0.654413,0.654413,1.040253,1.019886,1.774257,-0.397296,2.171553,8.348218,8.144297,0.193374
31-12-2021,6.816448,6.916527,0.737537,0.737537,1.118251,1.091346,1.8591,-0.527237,2.386337,8.672236,8.753643,0.608644
31-01-2022,6.666196,7.66898,0.736046,0.736046,1.129142,1.09294,1.836209,-0.349262,2.185471,8.531384,9.508195,1.326074
28-02-2022,6.049793,6.763628,0.645056,0.645056,1.070709,1.045676,1.68466,-0.364684,2.049345,7.765558,8.460574,1.0597
31-03-2022,6.812384,6.689434,0.65863,0.65863,1.208051,1.188372,1.848642,-0.51818,2.366822,8.679065,8.543246,0.382361
30-04-2022,6.5565,5.996958,0.576615,0.576615,1.175706,1.16404,1.744661,-0.535278,2.279939,8.30882,7.746131,-0.027411
31-05-2022,6.845556,6.065854,0.661007,0.661007,1.21879,1.199383,1.792369,-0.530291,2.32266,8.725353,7.935685,-0.259376
30-06-2022,6.698692,6.284931,0.685346,0.685346,1.186711,1.170519,1.801766,-0.493783,2.295549,8.570749,8.155757,0.078791
31-07-2022,6.921426,6.736891,0.718109,0.718109,1.1324,1.111161,1.907862,-0.386458,2.29432,8.771935,8.584805,0.199327
31-08-2022,7.047525,6.755154,0.718526,0.718526,1.044026,1.036589,1.821828,-0.505262,2.32709,8.810077,8.530444,0.225628
30-09-2022,6.915201,6.14428,0.664673,0.664673,0.978647,0.960694,1.702048,-0.517784,2.219831,8.558521,7.782741,-0.257997
31-10-2022,7.126618,6.179721,0.614741,0.614741,1.019209,1.006859,1.767733,-0.554743,2.322475,8.760568,7.811175,-0.394651
30-11-2022,6.875368,6.553431,0.647029,0.647029,1.097519,1.076469,1.761697,-0.544226,2.305923,8.619915,8.285891,0.210202
